-- This file allows to write SQL commands that will be emitted in test and dev.
-- The commands are commented as their support depends on the database

-- Insert admin user
INSERT INTO users (id, username, email, passwordHash, passwordSalt, firstname, lastname, emailVerified) VALUES ('00000000-0000-0000-0000-000000000001','admin','admin@localhost','$2a$12$G0LZJi5jGdl5wqspjaVYN.eXdZcZ3X9cMny/3m8mRM3vK/5Yf6TE6','Salt','Admin','User',true);

-- Assign ADMIN tags to admin user
INSERT INTO user_tags (user_id, tags) VALUES ('00000000-0000-0000-0000-000000000001','superuser');
INSERT INTO user_tags (user_id, tags) VALUES ('00000000-0000-0000-0000-000000000001','demouser');

-- Assign ADMIN role to admin user
INSERT INTO user_roles (user_id, role) VALUES ('00000000-0000-0000-0000-000000000001','ADMIN');

-- Insert manager user
INSERT INTO users (id, username, email, passwordHash, passwordSalt, firstname, lastname, emailVerified) VALUES ('00000000-0000-0000-0000-000000000002','manager','manager@localhost','$2a$12$R.1dngJ7Ma4DEVU8L7Tjlek2AnE4.SPIK/BHynpwoatUim9qeOoP2','Salt','Event','Manager',true);

-- Assign manager tags to manager user
INSERT INTO user_tags (user_id, tags) VALUES ('00000000-0000-0000-0000-000000000002','manageruser');
INSERT INTO user_tags (user_id, tags) VALUES ('00000000-0000-0000-0000-000000000002','demouser');

-- Assign MANAGER role to manager user
INSERT INTO user_roles (user_id, role) VALUES ('00000000-0000-0000-0000-000000000002','MANAGER');

-- Insert regular user
INSERT INTO users (id, username, email, passwordHash, passwordSalt, firstname, lastname, emailVerified) VALUES ('00000000-0000-0000-0000-000000000003','user','user@localhost','$2a$12$arzn9PpRswUrgIw0xaXoM.Y2PeX8m9OKKEGggA07bUXm/O./85WPa','Salt','Regular','User',true);

-- Assign regular user tags
INSERT INTO user_tags (user_id, tags) VALUES ('00000000-0000-0000-0000-000000000003','normaluser');
INSERT INTO user_tags (user_id, tags) VALUES ('00000000-0000-0000-0000-000000000003','demouser');

-- Assign USER role to regular user
INSERT INTO user_roles (user_id, role) VALUES ('00000000-0000-0000-0000-000000000003','USER');

-- Insert supervisor user
INSERT INTO users (id, username, email, passwordHash, passwordSalt, firstname, lastname, emailVerified) VALUES ('00000000-0000-0000-0000-000000000004','supervisor','supervisor@localhost','$2a$12$DB8/X1aZ/0I2UzDZdkK/B.haMW2J38ICBe5Che8O37P6a.iNEl2cW','Salt','Supervisor','User',true);

-- Assign supervisor user tags
INSERT INTO user_tags (user_id, tags) VALUES ('00000000-0000-0000-0000-000000000004','supervisoruser');
INSERT INTO user_tags (user_id, tags) VALUES ('00000000-0000-0000-0000-000000000004','demouser');

-- Assign USER role to regular user
INSERT INTO user_roles (user_id, role) VALUES ('00000000-0000-0000-0000-000000000004','SUPERVISOR');


-- Insert event location
INSERT INTO eventlocations (id, name, address, manager_id) VALUES ('00000000-0000-0000-0000-000000000001','City Hall','Hauptstraße 1, 12345 Musterstadt','00000000-0000-0000-0000-000000000002');

-- Insert event
INSERT INTO events (id, name, startTime, endTime, bookingStartTime, bookingDeadline, reminderSent, event_location_id, manager_id) VALUES ('00000000-0000-0000-0000-000000000001','City Band Concert','2024-12-31 19:00:00','2024-12-31 21:00:00','2024-12-12 17:00:00','2026-12-12 17:00:00',false,'00000000-0000-0000-0000-000000000001','00000000-0000-0000-0000-000000000002');

-- Assign supervisor user (id 4) to the event (id 1)
INSERT INTO event_supervisors (event_id, user_id) VALUES ('00000000-0000-0000-0000-000000000001','00000000-0000-0000-0000-000000000004');

-- Grant the regular demo user (id 3) an allowance for the event (id 1), so "City Band Concert" /
-- City Hall (with its Ground Floor/Balcony areas) shows up for them under "Create Reservation"
INSERT INTO EventUserAllowance (id, user_id, event_id, reservationsAllowedCount) VALUES ('00000000-0000-0000-0000-000000000001','00000000-0000-0000-0000-000000000003','00000000-0000-0000-0000-000000000001',5);

INSERT INTO event_location_markers (id, event_location_id, label, xCoordinate, yCoordinate) VALUES
('00000000-0000-0000-0000-000000000001','00000000-0000-0000-0000-000000000001','R 1',6,1),
('00000000-0000-0000-0000-000000000002','00000000-0000-0000-0000-000000000001','R 2',6,2),
('00000000-0000-0000-0000-000000000003','00000000-0000-0000-0000-000000000001','R 3',6,3),
('00000000-0000-0000-0000-000000000004','00000000-0000-0000-0000-000000000001','R 4',6,4),
('00000000-0000-0000-0000-000000000005','00000000-0000-0000-0000-000000000001','R 1',28,1),
('00000000-0000-0000-0000-000000000006','00000000-0000-0000-0000-000000000001','R 2',28,2),
('00000000-0000-0000-0000-000000000007','00000000-0000-0000-0000-000000000001','R 3',28,3),
('00000000-0000-0000-0000-000000000008','00000000-0000-0000-0000-000000000001','R 4',28,4),
('00000000-0000-0000-0000-000000000009','00000000-0000-0000-0000-000000000001','R 5',5,6),
('00000000-0000-0000-0000-00000000000a','00000000-0000-0000-0000-000000000001','R 6',5,7),
('00000000-0000-0000-0000-00000000000b','00000000-0000-0000-0000-000000000001','R 7',5,8),
('00000000-0000-0000-0000-00000000000c','00000000-0000-0000-0000-000000000001','R 5',28,6),
('00000000-0000-0000-0000-00000000000d','00000000-0000-0000-0000-000000000001','R 6',28,7),
('00000000-0000-0000-0000-00000000000e','00000000-0000-0000-0000-000000000001','R 7',28,8),
('00000000-0000-0000-0000-00000000000f','00000000-0000-0000-0000-000000000001','R 6',28,9),
('00000000-0000-0000-0000-000000000010','00000000-0000-0000-0000-000000000001','R 7',28,10),
('00000000-0000-0000-0000-000000000011','00000000-0000-0000-0000-000000000001','R 8',2,11),
('00000000-0000-0000-0000-000000000012','00000000-0000-0000-0000-000000000001','R 9',2,12),
('00000000-0000-0000-0000-000000000013','00000000-0000-0000-0000-000000000001','R 10',2,13),
('00000000-0000-0000-0000-000000000014','00000000-0000-0000-0000-000000000001','R 11',2,14),
('00000000-0000-0000-0000-000000000015','00000000-0000-0000-0000-000000000001','R 12',2,15),
('00000000-0000-0000-0000-000000000016','00000000-0000-0000-0000-000000000001','R 13',2,16),
('00000000-0000-0000-0000-000000000017','00000000-0000-0000-0000-000000000001','R 14',2,17),
('00000000-0000-0000-0000-000000000018','00000000-0000-0000-0000-000000000001','R 15',2,18),
('00000000-0000-0000-0000-000000000019','00000000-0000-0000-0000-000000000001','R 16',2,19),
('00000000-0000-0000-0000-00000000001a','00000000-0000-0000-0000-000000000001','R 8',28,11),
('00000000-0000-0000-0000-00000000001b','00000000-0000-0000-0000-000000000001','R 9',28,12),
('00000000-0000-0000-0000-00000000001c','00000000-0000-0000-0000-000000000001','R 10',28,13),
('00000000-0000-0000-0000-00000000001d','00000000-0000-0000-0000-000000000001','R 11',28,14),
('00000000-0000-0000-0000-00000000001e','00000000-0000-0000-0000-000000000001','R 12',28,15),
('00000000-0000-0000-0000-00000000001f','00000000-0000-0000-0000-000000000001','R 13',28,16),
('00000000-0000-0000-0000-000000000020','00000000-0000-0000-0000-000000000001','R 14',28,17),
('00000000-0000-0000-0000-000000000021','00000000-0000-0000-0000-000000000001','R 15',28,18),
('00000000-0000-0000-0000-000000000022','00000000-0000-0000-0000-000000000001','R 16',28,19),
('00000000-0000-0000-0000-000000000023','00000000-0000-0000-0000-000000000001','R 17',28,20),
('00000000-0000-0000-0000-000000000024','00000000-0000-0000-0000-000000000001','R 18',28,21),
('00000000-0000-0000-0000-000000000025','00000000-0000-0000-0000-000000000001','R 19',28,22),
('00000000-0000-0000-0000-000000000026','00000000-0000-0000-0000-000000000001','R 20',28,23),
('00000000-0000-0000-0000-000000000027','00000000-0000-0000-0000-000000000001','R 21',28,24),
('00000000-0000-0000-0000-000000000028','00000000-0000-0000-0000-000000000001','R 22',28,25),
('00000000-0000-0000-0000-000000000029','00000000-0000-0000-0000-000000000001','R 19',2,22),
('00000000-0000-0000-0000-00000000002a','00000000-0000-0000-0000-000000000001','R 20',2,23),
('00000000-0000-0000-0000-00000000002b','00000000-0000-0000-0000-000000000001','R 21',2,24),
('00000000-0000-0000-0000-00000000002c','00000000-0000-0000-0000-000000000001','R 22',2,25),
('00000000-0000-0000-0000-00000000002d','00000000-0000-0000-0000-000000000001','E 1',13,29),
('00000000-0000-0000-0000-00000000002e','00000000-0000-0000-0000-000000000001','E 2',13,30),
('00000000-0000-0000-0000-00000000002f','00000000-0000-0000-0000-000000000001','E 3',13,31),
('00000000-0000-0000-0000-000000000030','00000000-0000-0000-0000-000000000001','E 4',13,32),
('00000000-0000-0000-0000-000000000031','00000000-0000-0000-0000-000000000001','E 5',13,33),
('00000000-0000-0000-0000-000000000032','00000000-0000-0000-0000-000000000001','E 6',13,34),
('00000000-0000-0000-0000-000000000033','00000000-0000-0000-0000-000000000001','E 7',13,35),
('00000000-0000-0000-0000-000000000034','00000000-0000-0000-0000-000000000001','E 8',13,36),
('00000000-0000-0000-0000-000000000035','00000000-0000-0000-0000-000000000001','E 9',13,37),
('00000000-0000-0000-0000-000000000036','00000000-0000-0000-0000-000000000001','E 10',13,38);

-- Insert areas (referenced by seats via area_id below)
INSERT INTO event_location_areas (id, event_location_id, name) VALUES
('00000000-0000-0000-0000-000000000001','00000000-0000-0000-0000-000000000001','Ground Floor'),
('00000000-0000-0000-0000-000000000002','00000000-0000-0000-0000-000000000001','Balcony');

-- Insert entrances (referenced by seats via entrance_id below)
INSERT INTO event_location_entrances (id, event_location_id, name) VALUES
('00000000-0000-0000-0000-000000000001','00000000-0000-0000-0000-000000000001','Entrance A');

-- Insert seats
INSERT INTO seats (id, seatNumber, location_id, xCoordinate, yCoordinate, seatRow, entrance_id, area_id) VALUES
('00000000-0000-0000-0000-000000000001','1','00000000-0000-0000-0000-000000000001',7,1,'Row 1','00000000-0000-0000-0000-000000000001','00000000-0000-0000-0000-000000000001'),
('00000000-0000-0000-0000-000000000002','2','00000000-0000-0000-0000-000000000001',8,1,'Row 1','00000000-0000-0000-0000-000000000001','00000000-0000-0000-0000-000000000001'),
('00000000-0000-0000-0000-000000000003','3','00000000-0000-0000-0000-000000000001',9,1,'Row 1','00000000-0000-0000-0000-000000000001','00000000-0000-0000-0000-000000000001'),
('00000000-0000-0000-0000-000000000004','4','00000000-0000-0000-0000-000000000001',10,1,'Row 1','00000000-0000-0000-0000-000000000001','00000000-0000-0000-0000-000000000001'),
('00000000-0000-0000-0000-000000000005','5','00000000-0000-0000-0000-000000000001',11,1,'Row 1','00000000-0000-0000-0000-000000000001','00000000-0000-0000-0000-000000000001'),
('00000000-0000-0000-0000-000000000006','6','00000000-0000-0000-0000-000000000001',12,1,'Row 1','00000000-0000-0000-0000-000000000001','00000000-0000-0000-0000-000000000001'),
('00000000-0000-0000-0000-000000000007','7','00000000-0000-0000-0000-000000000001',13,1,'Row 1','00000000-0000-0000-0000-000000000001','00000000-0000-0000-0000-000000000001'),
('00000000-0000-0000-0000-000000000008','8','00000000-0000-0000-0000-000000000001',14,1,'Row 1','00000000-0000-0000-0000-000000000001','00000000-0000-0000-0000-000000000001'),
('00000000-0000-0000-0000-000000000009','9','00000000-0000-0000-0000-000000000001',15,1,'Row 1','00000000-0000-0000-0000-000000000001','00000000-0000-0000-0000-000000000001'),
('00000000-0000-0000-0000-00000000000a','10','00000000-0000-0000-0000-000000000001',16,1,'Row 1','00000000-0000-0000-0000-000000000001','00000000-0000-0000-0000-000000000001'),
('00000000-0000-0000-0000-00000000000b','11','00000000-0000-0000-0000-000000000001',17,1,'Row 1','00000000-0000-0000-0000-000000000001','00000000-0000-0000-0000-000000000001'),
('00000000-0000-0000-0000-00000000000c','12','00000000-0000-0000-0000-000000000001',18,1,'Row 1','00000000-0000-0000-0000-000000000001','00000000-0000-0000-0000-000000000001'),
('00000000-0000-0000-0000-00000000000d','13','00000000-0000-0000-0000-000000000001',19,1,'Row 1','00000000-0000-0000-0000-000000000001','00000000-0000-0000-0000-000000000001'),
('00000000-0000-0000-0000-00000000000e','14','00000000-0000-0000-0000-000000000001',20,1,'Row 1','00000000-0000-0000-0000-000000000001','00000000-0000-0000-0000-000000000001'),
('00000000-0000-0000-0000-00000000000f','15','00000000-0000-0000-0000-000000000001',21,1,'Row 1','00000000-0000-0000-0000-000000000001','00000000-0000-0000-0000-000000000001'),
('00000000-0000-0000-0000-000000000010','16','00000000-0000-0000-0000-000000000001',22,1,'Row 1','00000000-0000-0000-0000-000000000001','00000000-0000-0000-0000-000000000001'),
('00000000-0000-0000-0000-000000000011','17','00000000-0000-0000-0000-000000000001',23,1,'Row 1','00000000-0000-0000-0000-000000000001','00000000-0000-0000-0000-000000000001'),
('00000000-0000-0000-0000-000000000012','18','00000000-0000-0000-0000-000000000001',24,1,'Row 1','00000000-0000-0000-0000-000000000001','00000000-0000-0000-0000-000000000001'),
('00000000-0000-0000-0000-000000000013','19','00000000-0000-0000-0000-000000000001',25,1,'Row 1','00000000-0000-0000-0000-000000000001','00000000-0000-0000-0000-000000000001'),
('00000000-0000-0000-0000-000000000014','20','00000000-0000-0000-0000-000000000001',26,1,'Row 1','00000000-0000-0000-0000-000000000001','00000000-0000-0000-0000-000000000001'),
('00000000-0000-0000-0000-000000000015','21','00000000-0000-0000-0000-000000000001',27,1,'Row 1','00000000-0000-0000-0000-000000000001','00000000-0000-0000-0000-000000000001'),
('00000000-0000-0000-0000-000000000016','436','00000000-0000-0000-0000-000000000001',29,1,'Row 1','00000000-0000-0000-0000-000000000001','00000000-0000-0000-0000-000000000001'),
('00000000-0000-0000-0000-000000000017','437','00000000-0000-0000-0000-000000000001',30,1,'Row 1','00000000-0000-0000-0000-000000000001','00000000-0000-0000-0000-000000000001'),
('00000000-0000-0000-0000-000000000018','438','00000000-0000-0000-0000-000000000001',31,1,'Row 1','00000000-0000-0000-0000-000000000001','00000000-0000-0000-0000-000000000001'),
('00000000-0000-0000-0000-000000000019','439','00000000-0000-0000-0000-000000000001',32,1,'Row 1','00000000-0000-0000-0000-000000000001','00000000-0000-0000-0000-000000000001'),
('00000000-0000-0000-0000-00000000001a','42','00000000-0000-0000-0000-000000000001',7,2,'Row 2','00000000-0000-0000-0000-000000000001','00000000-0000-0000-0000-000000000001'),
('00000000-0000-0000-0000-00000000001b','41','00000000-0000-0000-0000-000000000001',8,2,'Row 2','00000000-0000-0000-0000-000000000001','00000000-0000-0000-0000-000000000001'),
('00000000-0000-0000-0000-00000000001c','40','00000000-0000-0000-0000-000000000001',9,2,'Row 2','00000000-0000-0000-0000-000000000001','00000000-0000-0000-0000-000000000001'),
('00000000-0000-0000-0000-00000000001d','39','00000000-0000-0000-0000-000000000001',10,2,'Row 2','00000000-0000-0000-0000-000000000001','00000000-0000-0000-0000-000000000001'),
('00000000-0000-0000-0000-00000000001e','38','00000000-0000-0000-0000-000000000001',11,2,'Row 2','00000000-0000-0000-0000-000000000001','00000000-0000-0000-0000-000000000001'),
('00000000-0000-0000-0000-00000000001f','37','00000000-0000-0000-0000-000000000001',12,2,'Row 2','00000000-0000-0000-0000-000000000001','00000000-0000-0000-0000-000000000001'),
('00000000-0000-0000-0000-000000000020','36','00000000-0000-0000-0000-000000000001',13,2,'Row 2','00000000-0000-0000-0000-000000000001','00000000-0000-0000-0000-000000000001'),
('00000000-0000-0000-0000-000000000021','35','00000000-0000-0000-0000-000000000001',14,2,'Row 2','00000000-0000-0000-0000-000000000001','00000000-0000-0000-0000-000000000001'),
('00000000-0000-0000-0000-000000000022','34','00000000-0000-0000-0000-000000000001',15,2,'Row 2','00000000-0000-0000-0000-000000000001','00000000-0000-0000-0000-000000000001'),
('00000000-0000-0000-0000-000000000023','33','00000000-0000-0000-0000-000000000001',16,2,'Row 2','00000000-0000-0000-0000-000000000001','00000000-0000-0000-0000-000000000001'),
('00000000-0000-0000-0000-000000000024','32','00000000-0000-0000-0000-000000000001',17,2,'Row 2','00000000-0000-0000-0000-000000000001','00000000-0000-0000-0000-000000000001'),
('00000000-0000-0000-0000-000000000025','31','00000000-0000-0000-0000-000000000001',18,2,'Row 2','00000000-0000-0000-0000-000000000001','00000000-0000-0000-0000-000000000001'),
('00000000-0000-0000-0000-000000000026','30','00000000-0000-0000-0000-000000000001',19,2,'Row 2','00000000-0000-0000-0000-000000000001','00000000-0000-0000-0000-000000000001'),
('00000000-0000-0000-0000-000000000027','29','00000000-0000-0000-0000-000000000001',20,2,'Row 2','00000000-0000-0000-0000-000000000001','00000000-0000-0000-0000-000000000001'),
('00000000-0000-0000-0000-000000000028','28','00000000-0000-0000-0000-000000000001',21,2,'Row 2','00000000-0000-0000-0000-000000000001','00000000-0000-0000-0000-000000000001'),
('00000000-0000-0000-0000-000000000029','27','00000000-0000-0000-0000-000000000001',22,2,'Row 2','00000000-0000-0000-0000-000000000001','00000000-0000-0000-0000-000000000001'),
('00000000-0000-0000-0000-00000000002a','26','00000000-0000-0000-0000-000000000001',23,2,'Row 2','00000000-0000-0000-0000-000000000001','00000000-0000-0000-0000-000000000001'),
('00000000-0000-0000-0000-00000000002b','25','00000000-0000-0000-0000-000000000001',24,2,'Row 2','00000000-0000-0000-0000-000000000001','00000000-0000-0000-0000-000000000001'),
('00000000-0000-0000-0000-00000000002c','24','00000000-0000-0000-0000-000000000001',25,2,'Row 2','00000000-0000-0000-0000-000000000001','00000000-0000-0000-0000-000000000001'),
('00000000-0000-0000-0000-00000000002d','23','00000000-0000-0000-0000-000000000001',26,2,'Row 2','00000000-0000-0000-0000-000000000001','00000000-0000-0000-0000-000000000001'),
('00000000-0000-0000-0000-00000000002e','22','00000000-0000-0000-0000-000000000001',27,2,'Row 2','00000000-0000-0000-0000-000000000001','00000000-0000-0000-0000-000000000001'),
('00000000-0000-0000-0000-00000000002f','440','00000000-0000-0000-0000-000000000001',29,2,'Row 2','00000000-0000-0000-0000-000000000001','00000000-0000-0000-0000-000000000001'),
('00000000-0000-0000-0000-000000000030','441','00000000-0000-0000-0000-000000000001',30,2,'Row 2','00000000-0000-0000-0000-000000000001','00000000-0000-0000-0000-000000000001'),
('00000000-0000-0000-0000-000000000031','442','00000000-0000-0000-0000-000000000001',31,2,'Row 2','00000000-0000-0000-0000-000000000001','00000000-0000-0000-0000-000000000001'),
('00000000-0000-0000-0000-000000000032','443','00000000-0000-0000-0000-000000000001',32,2,'Row 2','00000000-0000-0000-0000-000000000001','00000000-0000-0000-0000-000000000001'),
('00000000-0000-0000-0000-000000000033','444','00000000-0000-0000-0000-000000000001',33,2,'Row 2','00000000-0000-0000-0000-000000000001','00000000-0000-0000-0000-000000000001'),
('00000000-0000-0000-0000-000000000034','43','00000000-0000-0000-0000-000000000001',7,3,'Row 3','00000000-0000-0000-0000-000000000001','00000000-0000-0000-0000-000000000001'),
('00000000-0000-0000-0000-000000000035','44','00000000-0000-0000-0000-000000000001',8,3,'Row 3','00000000-0000-0000-0000-000000000001','00000000-0000-0000-0000-000000000001'),
('00000000-0000-0000-0000-000000000036','45','00000000-0000-0000-0000-000000000001',9,3,'Row 3','00000000-0000-0000-0000-000000000001','00000000-0000-0000-0000-000000000001'),
('00000000-0000-0000-0000-000000000037','46','00000000-0000-0000-0000-000000000001',10,3,'Row 3','00000000-0000-0000-0000-000000000001','00000000-0000-0000-0000-000000000001'),
('00000000-0000-0000-0000-000000000038','47','00000000-0000-0000-0000-000000000001',11,3,'Row 3','00000000-0000-0000-0000-000000000001','00000000-0000-0000-0000-000000000001'),
('00000000-0000-0000-0000-000000000039','48','00000000-0000-0000-0000-000000000001',12,3,'Row 3','00000000-0000-0000-0000-000000000001','00000000-0000-0000-0000-000000000001'),
('00000000-0000-0000-0000-00000000003a','49','00000000-0000-0000-0000-000000000001',13,3,'Row 3','00000000-0000-0000-0000-000000000001','00000000-0000-0000-0000-000000000001'),
('00000000-0000-0000-0000-00000000003b','50','00000000-0000-0000-0000-000000000001',14,3,'Row 3','00000000-0000-0000-0000-000000000001','00000000-0000-0000-0000-000000000001'),
('00000000-0000-0000-0000-00000000003c','51','00000000-0000-0000-0000-000000000001',15,3,'Row 3','00000000-0000-0000-0000-000000000001','00000000-0000-0000-0000-000000000001'),
('00000000-0000-0000-0000-00000000003d','52','00000000-0000-0000-0000-000000000001',16,3,'Row 3','00000000-0000-0000-0000-000000000001','00000000-0000-0000-0000-000000000001'),
('00000000-0000-0000-0000-00000000003e','53','00000000-0000-0000-0000-000000000001',17,3,'Row 3','00000000-0000-0000-0000-000000000001','00000000-0000-0000-0000-000000000001'),
('00000000-0000-0000-0000-00000000003f','54','00000000-0000-0000-0000-000000000001',18,3,'Row 3','00000000-0000-0000-0000-000000000001','00000000-0000-0000-0000-000000000001'),
('00000000-0000-0000-0000-000000000040','55','00000000-0000-0000-0000-000000000001',19,3,'Row 3','00000000-0000-0000-0000-000000000001','00000000-0000-0000-0000-000000000001'),
('00000000-0000-0000-0000-000000000041','56','00000000-0000-0000-0000-000000000001',20,3,'Row 3','00000000-0000-0000-0000-000000000001','00000000-0000-0000-0000-000000000001'),
('00000000-0000-0000-0000-000000000042','57','00000000-0000-0000-0000-000000000001',21,3,'Row 3','00000000-0000-0000-0000-000000000001','00000000-0000-0000-0000-000000000001'),
('00000000-0000-0000-0000-000000000043','58','00000000-0000-0000-0000-000000000001',22,3,'Row 3','00000000-0000-0000-0000-000000000001','00000000-0000-0000-0000-000000000001'),
('00000000-0000-0000-0000-000000000044','59','00000000-0000-0000-0000-000000000001',23,3,'Row 3','00000000-0000-0000-0000-000000000001','00000000-0000-0000-0000-000000000001'),
('00000000-0000-0000-0000-000000000045','60','00000000-0000-0000-0000-000000000001',24,3,'Row 3','00000000-0000-0000-0000-000000000001','00000000-0000-0000-0000-000000000001'),
('00000000-0000-0000-0000-000000000046','61','00000000-0000-0000-0000-000000000001',25,3,'Row 3','00000000-0000-0000-0000-000000000001','00000000-0000-0000-0000-000000000001'),
('00000000-0000-0000-0000-000000000047','62','00000000-0000-0000-0000-000000000001',26,3,'Row 3','00000000-0000-0000-0000-000000000001','00000000-0000-0000-0000-000000000001'),
('00000000-0000-0000-0000-000000000048','63','00000000-0000-0000-0000-000000000001',27,3,'Row 3','00000000-0000-0000-0000-000000000001','00000000-0000-0000-0000-000000000001'),
('00000000-0000-0000-0000-000000000049','445','00000000-0000-0000-0000-000000000001',29,3,'Row 3','00000000-0000-0000-0000-000000000001','00000000-0000-0000-0000-000000000001'),
('00000000-0000-0000-0000-00000000004a','446','00000000-0000-0000-0000-000000000001',30,3,'Row 3','00000000-0000-0000-0000-000000000001','00000000-0000-0000-0000-000000000001'),
('00000000-0000-0000-0000-00000000004b','447','00000000-0000-0000-0000-000000000001',31,3,'Row 3','00000000-0000-0000-0000-000000000001','00000000-0000-0000-0000-000000000001'),
('00000000-0000-0000-0000-00000000004c','448','00000000-0000-0000-0000-000000000001',32,3,'Row 3','00000000-0000-0000-0000-000000000001','00000000-0000-0000-0000-000000000001'),
('00000000-0000-0000-0000-00000000004d','449','00000000-0000-0000-0000-000000000001',33,3,'Row 3','00000000-0000-0000-0000-000000000001','00000000-0000-0000-0000-000000000001'),
('00000000-0000-0000-0000-00000000004e','450','00000000-0000-0000-0000-000000000001',34,3,'Row 3','00000000-0000-0000-0000-000000000001','00000000-0000-0000-0000-000000000001'),
('00000000-0000-0000-0000-00000000004f','84','00000000-0000-0000-0000-000000000001',7,4,'Row 4','00000000-0000-0000-0000-000000000001','00000000-0000-0000-0000-000000000001'),
('00000000-0000-0000-0000-000000000050','83','00000000-0000-0000-0000-000000000001',8,4,'Row 4','00000000-0000-0000-0000-000000000001','00000000-0000-0000-0000-000000000001'),
('00000000-0000-0000-0000-000000000051','82','00000000-0000-0000-0000-000000000001',9,4,'Row 4','00000000-0000-0000-0000-000000000001','00000000-0000-0000-0000-000000000001'),
('00000000-0000-0000-0000-000000000052','81','00000000-0000-0000-0000-000000000001',10,4,'Row 4','00000000-0000-0000-0000-000000000001','00000000-0000-0000-0000-000000000001'),
('00000000-0000-0000-0000-000000000053','80','00000000-0000-0000-0000-000000000001',11,4,'Row 4','00000000-0000-0000-0000-000000000001','00000000-0000-0000-0000-000000000001'),
('00000000-0000-0000-0000-000000000054','79','00000000-0000-0000-0000-000000000001',12,4,'Row 4','00000000-0000-0000-0000-000000000001','00000000-0000-0000-0000-000000000001'),
('00000000-0000-0000-0000-000000000055','78','00000000-0000-0000-0000-000000000001',13,4,'Row 4','00000000-0000-0000-0000-000000000001','00000000-0000-0000-0000-000000000001'),
('00000000-0000-0000-0000-000000000056','77','00000000-0000-0000-0000-000000000001',14,4,'Row 4','00000000-0000-0000-0000-000000000001','00000000-0000-0000-0000-000000000001'),
('00000000-0000-0000-0000-000000000057','76','00000000-0000-0000-0000-000000000001',15,4,'Row 4','00000000-0000-0000-0000-000000000001','00000000-0000-0000-0000-000000000001'),
('00000000-0000-0000-0000-000000000058','75','00000000-0000-0000-0000-000000000001',16,4,'Row 4','00000000-0000-0000-0000-000000000001','00000000-0000-0000-0000-000000000001'),
('00000000-0000-0000-0000-000000000059','74','00000000-0000-0000-0000-000000000001',17,4,'Row 4','00000000-0000-0000-0000-000000000001','00000000-0000-0000-0000-000000000001'),
('00000000-0000-0000-0000-00000000005a','73','00000000-0000-0000-0000-000000000001',18,4,'Row 4','00000000-0000-0000-0000-000000000001','00000000-0000-0000-0000-000000000001'),
('00000000-0000-0000-0000-00000000005b','72','00000000-0000-0000-0000-000000000001',19,4,'Row 4','00000000-0000-0000-0000-000000000001','00000000-0000-0000-0000-000000000001'),
('00000000-0000-0000-0000-00000000005c','71','00000000-0000-0000-0000-000000000001',20,4,'Row 4','00000000-0000-0000-0000-000000000001','00000000-0000-0000-0000-000000000001'),
('00000000-0000-0000-0000-00000000005d','70','00000000-0000-0000-0000-000000000001',21,4,'Row 4','00000000-0000-0000-0000-000000000001','00000000-0000-0000-0000-000000000001'),
('00000000-0000-0000-0000-00000000005e','69','00000000-0000-0000-0000-000000000001',22,4,'Row 4','00000000-0000-0000-0000-000000000001','00000000-0000-0000-0000-000000000001'),
('00000000-0000-0000-0000-00000000005f','68','00000000-0000-0000-0000-000000000001',23,4,'Row 4','00000000-0000-0000-0000-000000000001','00000000-0000-0000-0000-000000000001'),
('00000000-0000-0000-0000-000000000060','67','00000000-0000-0000-0000-000000000001',24,4,'Row 4','00000000-0000-0000-0000-000000000001','00000000-0000-0000-0000-000000000001'),
('00000000-0000-0000-0000-000000000061','66','00000000-0000-0000-0000-000000000001',25,4,'Row 4','00000000-0000-0000-0000-000000000001','00000000-0000-0000-0000-000000000001'),
('00000000-0000-0000-0000-000000000062','65','00000000-0000-0000-0000-000000000001',26,4,'Row 4','00000000-0000-0000-0000-000000000001','00000000-0000-0000-0000-000000000001'),
('00000000-0000-0000-0000-000000000063','64','00000000-0000-0000-0000-000000000001',27,4,'Row 4','00000000-0000-0000-0000-000000000001','00000000-0000-0000-0000-000000000001'),
('00000000-0000-0000-0000-000000000064','451','00000000-0000-0000-0000-000000000001',29,4,'Row 4','00000000-0000-0000-0000-000000000001','00000000-0000-0000-0000-000000000001'),
('00000000-0000-0000-0000-000000000065','452','00000000-0000-0000-0000-000000000001',30,4,'Row 4','00000000-0000-0000-0000-000000000001','00000000-0000-0000-0000-000000000001'),
('00000000-0000-0000-0000-000000000066','453','00000000-0000-0000-0000-000000000001',31,4,'Row 4','00000000-0000-0000-0000-000000000001','00000000-0000-0000-0000-000000000001'),
('00000000-0000-0000-0000-000000000067','454','00000000-0000-0000-0000-000000000001',32,4,'Row 4','00000000-0000-0000-0000-000000000001','00000000-0000-0000-0000-000000000001'),
('00000000-0000-0000-0000-000000000068','455','00000000-0000-0000-0000-000000000001',33,4,'Row 4','00000000-0000-0000-0000-000000000001','00000000-0000-0000-0000-000000000001'),
('00000000-0000-0000-0000-000000000069','456','00000000-0000-0000-0000-000000000001',34,4,'Row 4','00000000-0000-0000-0000-000000000001','00000000-0000-0000-0000-000000000001'),
('00000000-0000-0000-0000-00000000006a','85','00000000-0000-0000-0000-000000000001',6,6,'Row 5','00000000-0000-0000-0000-000000000001','00000000-0000-0000-0000-000000000001'),
('00000000-0000-0000-0000-00000000006b','86','00000000-0000-0000-0000-000000000001',7,6,'Row 5','00000000-0000-0000-0000-000000000001','00000000-0000-0000-0000-000000000001'),
('00000000-0000-0000-0000-00000000006c','87','00000000-0000-0000-0000-000000000001',8,6,'Row 5','00000000-0000-0000-0000-000000000001','00000000-0000-0000-0000-000000000001'),
('00000000-0000-0000-0000-00000000006d','88','00000000-0000-0000-0000-000000000001',9,6,'Row 5','00000000-0000-0000-0000-000000000001','00000000-0000-0000-0000-000000000001'),
('00000000-0000-0000-0000-00000000006e','89','00000000-0000-0000-0000-000000000001',10,6,'Row 5','00000000-0000-0000-0000-000000000001','00000000-0000-0000-0000-000000000001'),
('00000000-0000-0000-0000-00000000006f','90','00000000-0000-0000-0000-000000000001',11,6,'Row 5','00000000-0000-0000-0000-000000000001','00000000-0000-0000-0000-000000000001'),
('00000000-0000-0000-0000-000000000070','91','00000000-0000-0000-0000-000000000001',12,6,'Row 5','00000000-0000-0000-0000-000000000001','00000000-0000-0000-0000-000000000001'),
('00000000-0000-0000-0000-000000000071','92','00000000-0000-0000-0000-000000000001',13,6,'Row 5','00000000-0000-0000-0000-000000000001','00000000-0000-0000-0000-000000000001'),
('00000000-0000-0000-0000-000000000072','93','00000000-0000-0000-0000-000000000001',14,6,'Row 5','00000000-0000-0000-0000-000000000001','00000000-0000-0000-0000-000000000001'),
('00000000-0000-0000-0000-000000000073','94','00000000-0000-0000-0000-000000000001',15,6,'Row 5','00000000-0000-0000-0000-000000000001','00000000-0000-0000-0000-000000000001'),
('00000000-0000-0000-0000-000000000074','95','00000000-0000-0000-0000-000000000001',17,6,'Row 5','00000000-0000-0000-0000-000000000001','00000000-0000-0000-0000-000000000001'),
('00000000-0000-0000-0000-000000000075','96','00000000-0000-0000-0000-000000000001',18,6,'Row 5','00000000-0000-0000-0000-000000000001','00000000-0000-0000-0000-000000000001'),
('00000000-0000-0000-0000-000000000076','97','00000000-0000-0000-0000-000000000001',19,6,'Row 5','00000000-0000-0000-0000-000000000001','00000000-0000-0000-0000-000000000001'),
('00000000-0000-0000-0000-000000000077','98','00000000-0000-0000-0000-000000000001',20,6,'Row 5','00000000-0000-0000-0000-000000000001','00000000-0000-0000-0000-000000000001'),
('00000000-0000-0000-0000-000000000078','99','00000000-0000-0000-0000-000000000001',21,6,'Row 5','00000000-0000-0000-0000-000000000001','00000000-0000-0000-0000-000000000001'),
('00000000-0000-0000-0000-000000000079','100','00000000-0000-0000-0000-000000000001',22,6,'Row 5','00000000-0000-0000-0000-000000000001','00000000-0000-0000-0000-000000000001'),
('00000000-0000-0000-0000-00000000007a','101','00000000-0000-0000-0000-000000000001',23,6,'Row 5','00000000-0000-0000-0000-000000000001','00000000-0000-0000-0000-000000000001'),
('00000000-0000-0000-0000-00000000007b','102','00000000-0000-0000-0000-000000000001',24,6,'Row 5','00000000-0000-0000-0000-000000000001','00000000-0000-0000-0000-000000000001'),
('00000000-0000-0000-0000-00000000007c','103','00000000-0000-0000-0000-000000000001',25,6,'Row 5','00000000-0000-0000-0000-000000000001','00000000-0000-0000-0000-000000000001'),
('00000000-0000-0000-0000-00000000007d','104','00000000-0000-0000-0000-000000000001',26,6,'Row 5','00000000-0000-0000-0000-000000000001','00000000-0000-0000-0000-000000000001'),
('00000000-0000-0000-0000-00000000007e','457','00000000-0000-0000-0000-000000000001',29,5,'Row 5','00000000-0000-0000-0000-000000000001','00000000-0000-0000-0000-000000000001'),
('00000000-0000-0000-0000-00000000007f','458','00000000-0000-0000-0000-000000000001',30,5,'Row 5','00000000-0000-0000-0000-000000000001','00000000-0000-0000-0000-000000000001'),
('00000000-0000-0000-0000-000000000080','459','00000000-0000-0000-0000-000000000001',31,5,'Row 5','00000000-0000-0000-0000-000000000001','00000000-0000-0000-0000-000000000001'),
('00000000-0000-0000-0000-000000000081','460','00000000-0000-0000-0000-000000000001',32,5,'Row 5','00000000-0000-0000-0000-000000000001','00000000-0000-0000-0000-000000000001'),
('00000000-0000-0000-0000-000000000082','461','00000000-0000-0000-0000-000000000001',33,5,'Row 5','00000000-0000-0000-0000-000000000001','00000000-0000-0000-0000-000000000001'),
('00000000-0000-0000-0000-000000000083','462','00000000-0000-0000-0000-000000000001',34,5,'Row 5','00000000-0000-0000-0000-000000000001','00000000-0000-0000-0000-000000000001'),
('00000000-0000-0000-0000-000000000084','123','00000000-0000-0000-0000-000000000001',6,7,'Row 6','00000000-0000-0000-0000-000000000001','00000000-0000-0000-0000-000000000001'),
('00000000-0000-0000-0000-000000000085','122','00000000-0000-0000-0000-000000000001',7,7,'Row 6','00000000-0000-0000-0000-000000000001','00000000-0000-0000-0000-000000000001'),
('00000000-0000-0000-0000-000000000086','121','00000000-0000-0000-0000-000000000001',8,7,'Row 6','00000000-0000-0000-0000-000000000001','00000000-0000-0000-0000-000000000001'),
('00000000-0000-0000-0000-000000000087','120','00000000-0000-0000-0000-000000000001',9,7,'Row 6','00000000-0000-0000-0000-000000000001','00000000-0000-0000-0000-000000000001'),
('00000000-0000-0000-0000-000000000088','119','00000000-0000-0000-0000-000000000001',10,7,'Row 6','00000000-0000-0000-0000-000000000001','00000000-0000-0000-0000-000000000001'),
('00000000-0000-0000-0000-000000000089','118','00000000-0000-0000-0000-000000000001',11,7,'Row 6','00000000-0000-0000-0000-000000000001','00000000-0000-0000-0000-000000000001'),
('00000000-0000-0000-0000-00000000008a','117','00000000-0000-0000-0000-000000000001',12,7,'Row 6','00000000-0000-0000-0000-000000000001','00000000-0000-0000-0000-000000000001'),
('00000000-0000-0000-0000-00000000008b','116','00000000-0000-0000-0000-000000000001',13,7,'Row 6','00000000-0000-0000-0000-000000000001','00000000-0000-0000-0000-000000000001'),
('00000000-0000-0000-0000-00000000008c','115','00000000-0000-0000-0000-000000000001',14,7,'Row 6','00000000-0000-0000-0000-000000000001','00000000-0000-0000-0000-000000000001'),
('00000000-0000-0000-0000-00000000008d','114','00000000-0000-0000-0000-000000000001',15,7,'Row 6','00000000-0000-0000-0000-000000000001','00000000-0000-0000-0000-000000000001'),
('00000000-0000-0000-0000-00000000008e','113','00000000-0000-0000-0000-000000000001',17,7,'Row 6','00000000-0000-0000-0000-000000000001','00000000-0000-0000-0000-000000000001'),
('00000000-0000-0000-0000-00000000008f','112','00000000-0000-0000-0000-000000000001',18,7,'Row 6','00000000-0000-0000-0000-000000000001','00000000-0000-0000-0000-000000000001'),
('00000000-0000-0000-0000-000000000090','111','00000000-0000-0000-0000-000000000001',19,7,'Row 6','00000000-0000-0000-0000-000000000001','00000000-0000-0000-0000-000000000001'),
('00000000-0000-0000-0000-000000000091','110','00000000-0000-0000-0000-000000000001',20,7,'Row 6','00000000-0000-0000-0000-000000000001','00000000-0000-0000-0000-000000000001'),
('00000000-0000-0000-0000-000000000092','109','00000000-0000-0000-0000-000000000001',21,7,'Row 6','00000000-0000-0000-0000-000000000001','00000000-0000-0000-0000-000000000001'),
('00000000-0000-0000-0000-000000000093','108','00000000-0000-0000-0000-000000000001',22,7,'Row 6','00000000-0000-0000-0000-000000000001','00000000-0000-0000-0000-000000000001'),
('00000000-0000-0000-0000-000000000094','107','00000000-0000-0000-0000-000000000001',23,7,'Row 6','00000000-0000-0000-0000-000000000001','00000000-0000-0000-0000-000000000001'),
('00000000-0000-0000-0000-000000000095','106','00000000-0000-0000-0000-000000000001',24,7,'Row 6','00000000-0000-0000-0000-000000000001','00000000-0000-0000-0000-000000000001'),
('00000000-0000-0000-0000-000000000096','105','00000000-0000-0000-0000-000000000001',25,7,'Row 6','00000000-0000-0000-0000-000000000001','00000000-0000-0000-0000-000000000001'),
('00000000-0000-0000-0000-000000000097','468','00000000-0000-0000-0000-000000000001',29,9,'Row 6','00000000-0000-0000-0000-000000000001','00000000-0000-0000-0000-000000000001'),
('00000000-0000-0000-0000-000000000098','467','00000000-0000-0000-0000-000000000001',30,9,'Row 6','00000000-0000-0000-0000-000000000001','00000000-0000-0000-0000-000000000001'),
('00000000-0000-0000-0000-000000000099','466','00000000-0000-0000-0000-000000000001',31,9,'Row 6','00000000-0000-0000-0000-000000000001','00000000-0000-0000-0000-000000000001'),
('00000000-0000-0000-0000-00000000009a','465','00000000-0000-0000-0000-000000000001',32,9,'Row 6','00000000-0000-0000-0000-000000000001','00000000-0000-0000-0000-000000000001'),
('00000000-0000-0000-0000-00000000009b','464','00000000-0000-0000-0000-000000000001',33,9,'Row 6','00000000-0000-0000-0000-000000000001','00000000-0000-0000-0000-000000000001'),
('00000000-0000-0000-0000-00000000009c','463','00000000-0000-0000-0000-000000000001',34,9,'Row 6','00000000-0000-0000-0000-000000000001','00000000-0000-0000-0000-000000000001'),
('00000000-0000-0000-0000-00000000009d','124','00000000-0000-0000-0000-000000000001',6,8,'Row 7','00000000-0000-0000-0000-000000000001','00000000-0000-0000-0000-000000000001'),
('00000000-0000-0000-0000-00000000009e','125','00000000-0000-0000-0000-000000000001',7,8,'Row 7','00000000-0000-0000-0000-000000000001','00000000-0000-0000-0000-000000000001'),
('00000000-0000-0000-0000-00000000009f','126','00000000-0000-0000-0000-000000000001',8,8,'Row 7','00000000-0000-0000-0000-000000000001','00000000-0000-0000-0000-000000000001'),
('00000000-0000-0000-0000-0000000000a0','127','00000000-0000-0000-0000-000000000001',9,8,'Row 7','00000000-0000-0000-0000-000000000001','00000000-0000-0000-0000-000000000001'),
('00000000-0000-0000-0000-0000000000a1','128','00000000-0000-0000-0000-000000000001',10,8,'Row 7','00000000-0000-0000-0000-000000000001','00000000-0000-0000-0000-000000000001'),
('00000000-0000-0000-0000-0000000000a2','129','00000000-0000-0000-0000-000000000001',11,8,'Row 7','00000000-0000-0000-0000-000000000001','00000000-0000-0000-0000-000000000001'),
('00000000-0000-0000-0000-0000000000a3','130','00000000-0000-0000-0000-000000000001',12,8,'Row 7','00000000-0000-0000-0000-000000000001','00000000-0000-0000-0000-000000000001'),
('00000000-0000-0000-0000-0000000000a4','131','00000000-0000-0000-0000-000000000001',13,8,'Row 7','00000000-0000-0000-0000-000000000001','00000000-0000-0000-0000-000000000001'),
('00000000-0000-0000-0000-0000000000a5','132','00000000-0000-0000-0000-000000000001',14,8,'Row 7','00000000-0000-0000-0000-000000000001','00000000-0000-0000-0000-000000000001'),
('00000000-0000-0000-0000-0000000000a6','133','00000000-0000-0000-0000-000000000001',15,8,'Row 7','00000000-0000-0000-0000-000000000001','00000000-0000-0000-0000-000000000001'),
('00000000-0000-0000-0000-0000000000a7','134','00000000-0000-0000-0000-000000000001',17,8,'Row 7','00000000-0000-0000-0000-000000000001','00000000-0000-0000-0000-000000000001'),
('00000000-0000-0000-0000-0000000000a8','135','00000000-0000-0000-0000-000000000001',18,8,'Row 7','00000000-0000-0000-0000-000000000001','00000000-0000-0000-0000-000000000001'),
('00000000-0000-0000-0000-0000000000a9','136','00000000-0000-0000-0000-000000000001',19,8,'Row 7','00000000-0000-0000-0000-000000000001','00000000-0000-0000-0000-000000000001'),
('00000000-0000-0000-0000-0000000000aa','137','00000000-0000-0000-0000-000000000001',20,8,'Row 7','00000000-0000-0000-0000-000000000001','00000000-0000-0000-0000-000000000001'),
('00000000-0000-0000-0000-0000000000ab','138','00000000-0000-0000-0000-000000000001',21,8,'Row 7','00000000-0000-0000-0000-000000000001','00000000-0000-0000-0000-000000000001'),
('00000000-0000-0000-0000-0000000000ac','139','00000000-0000-0000-0000-000000000001',22,8,'Row 7','00000000-0000-0000-0000-000000000001','00000000-0000-0000-0000-000000000001'),
('00000000-0000-0000-0000-0000000000ad','140','00000000-0000-0000-0000-000000000001',23,8,'Row 7','00000000-0000-0000-0000-000000000001','00000000-0000-0000-0000-000000000001'),
('00000000-0000-0000-0000-0000000000ae','141','00000000-0000-0000-0000-000000000001',24,8,'Row 7','00000000-0000-0000-0000-000000000001','00000000-0000-0000-0000-000000000001'),
('00000000-0000-0000-0000-0000000000af','142','00000000-0000-0000-0000-000000000001',25,8,'Row 7','00000000-0000-0000-0000-000000000001','00000000-0000-0000-0000-000000000001'),
('00000000-0000-0000-0000-0000000000b0','143','00000000-0000-0000-0000-000000000001',26,8,'Row 7','00000000-0000-0000-0000-000000000001','00000000-0000-0000-0000-000000000001'),
('00000000-0000-0000-0000-0000000000b1','469','00000000-0000-0000-0000-000000000001',29,10,'Row 7','00000000-0000-0000-0000-000000000001','00000000-0000-0000-0000-000000000001'),
('00000000-0000-0000-0000-0000000000b2','470','00000000-0000-0000-0000-000000000001',30,10,'Row 7','00000000-0000-0000-0000-000000000001','00000000-0000-0000-0000-000000000001'),
('00000000-0000-0000-0000-0000000000b3','471','00000000-0000-0000-0000-000000000001',31,10,'Row 7','00000000-0000-0000-0000-000000000001','00000000-0000-0000-0000-000000000001'),
('00000000-0000-0000-0000-0000000000b4','472','00000000-0000-0000-0000-000000000001',32,10,'Row 7','00000000-0000-0000-0000-000000000001','00000000-0000-0000-0000-000000000001'),
('00000000-0000-0000-0000-0000000000b5','473','00000000-0000-0000-0000-000000000001',33,10,'Row 7','00000000-0000-0000-0000-000000000001','00000000-0000-0000-0000-000000000001'),
('00000000-0000-0000-0000-0000000000b6','474','00000000-0000-0000-0000-000000000001',34,10,'Row 7','00000000-0000-0000-0000-000000000001','00000000-0000-0000-0000-000000000001'),
('00000000-0000-0000-0000-0000000000b7','166','00000000-0000-0000-0000-000000000001',3,11,'Row 8','00000000-0000-0000-0000-000000000001','00000000-0000-0000-0000-000000000001'),
('00000000-0000-0000-0000-0000000000b8','165','00000000-0000-0000-0000-000000000001',4,11,'Row 8','00000000-0000-0000-0000-000000000001','00000000-0000-0000-0000-000000000001'),
('00000000-0000-0000-0000-0000000000b9','164','00000000-0000-0000-0000-000000000001',5,11,'Row 8','00000000-0000-0000-0000-000000000001','00000000-0000-0000-0000-000000000001'),
('00000000-0000-0000-0000-0000000000ba','163','00000000-0000-0000-0000-000000000001',6,11,'Row 8','00000000-0000-0000-0000-000000000001','00000000-0000-0000-0000-000000000001'),
('00000000-0000-0000-0000-0000000000bb','162','00000000-0000-0000-0000-000000000001',7,11,'Row 8','00000000-0000-0000-0000-000000000001','00000000-0000-0000-0000-000000000001'),
('00000000-0000-0000-0000-0000000000bc','161','00000000-0000-0000-0000-000000000001',8,11,'Row 8','00000000-0000-0000-0000-000000000001','00000000-0000-0000-0000-000000000001'),
('00000000-0000-0000-0000-0000000000bd','160','00000000-0000-0000-0000-000000000001',9,11,'Row 8','00000000-0000-0000-0000-000000000001','00000000-0000-0000-0000-000000000001'),
('00000000-0000-0000-0000-0000000000be','159','00000000-0000-0000-0000-000000000001',10,11,'Row 8','00000000-0000-0000-0000-000000000001','00000000-0000-0000-0000-000000000001'),
('00000000-0000-0000-0000-0000000000bf','158','00000000-0000-0000-0000-000000000001',11,11,'Row 8','00000000-0000-0000-0000-000000000001','00000000-0000-0000-0000-000000000001'),
('00000000-0000-0000-0000-0000000000c0','157','00000000-0000-0000-0000-000000000001',12,11,'Row 8','00000000-0000-0000-0000-000000000001','00000000-0000-0000-0000-000000000001'),
('00000000-0000-0000-0000-0000000000c1','156','00000000-0000-0000-0000-000000000001',13,11,'Row 8','00000000-0000-0000-0000-000000000001','00000000-0000-0000-0000-000000000001'),
('00000000-0000-0000-0000-0000000000c2','155','00000000-0000-0000-0000-000000000001',14,11,'Row 8','00000000-0000-0000-0000-000000000001','00000000-0000-0000-0000-000000000001'),
('00000000-0000-0000-0000-0000000000c3','154','00000000-0000-0000-0000-000000000001',15,11,'Row 8','00000000-0000-0000-0000-000000000001','00000000-0000-0000-0000-000000000001'),
('00000000-0000-0000-0000-0000000000c4','153','00000000-0000-0000-0000-000000000001',17,11,'Row 8','00000000-0000-0000-0000-000000000001','00000000-0000-0000-0000-000000000001'),
('00000000-0000-0000-0000-0000000000c5','152','00000000-0000-0000-0000-000000000001',18,11,'Row 8','00000000-0000-0000-0000-000000000001','00000000-0000-0000-0000-000000000001'),
('00000000-0000-0000-0000-0000000000c6','151','00000000-0000-0000-0000-000000000001',19,11,'Row 8','00000000-0000-0000-0000-000000000001','00000000-0000-0000-0000-000000000001'),
('00000000-0000-0000-0000-0000000000c7','150','00000000-0000-0000-0000-000000000001',20,11,'Row 8','00000000-0000-0000-0000-000000000001','00000000-0000-0000-0000-000000000001'),
('00000000-0000-0000-0000-0000000000c8','149','00000000-0000-0000-0000-000000000001',21,11,'Row 8','00000000-0000-0000-0000-000000000001','00000000-0000-0000-0000-000000000001'),
('00000000-0000-0000-0000-0000000000c9','148','00000000-0000-0000-0000-000000000001',22,11,'Row 8','00000000-0000-0000-0000-000000000001','00000000-0000-0000-0000-000000000001'),
('00000000-0000-0000-0000-0000000000ca','147','00000000-0000-0000-0000-000000000001',23,11,'Row 8','00000000-0000-0000-0000-000000000001','00000000-0000-0000-0000-000000000001'),
('00000000-0000-0000-0000-0000000000cb','146','00000000-0000-0000-0000-000000000001',24,11,'Row 8','00000000-0000-0000-0000-000000000001','00000000-0000-0000-0000-000000000001'),
('00000000-0000-0000-0000-0000000000cc','145','00000000-0000-0000-0000-000000000001',25,11,'Row 8','00000000-0000-0000-0000-000000000001','00000000-0000-0000-0000-000000000001'),
('00000000-0000-0000-0000-0000000000cd','144','00000000-0000-0000-0000-000000000001',26,11,'Row 8','00000000-0000-0000-0000-000000000001','00000000-0000-0000-0000-000000000001'),
('00000000-0000-0000-0000-0000000000ce','480','00000000-0000-0000-0000-000000000001',29,11,'Row 8','00000000-0000-0000-0000-000000000001','00000000-0000-0000-0000-000000000001'),
('00000000-0000-0000-0000-0000000000cf','479','00000000-0000-0000-0000-000000000001',30,11,'Row 8','00000000-0000-0000-0000-000000000001','00000000-0000-0000-0000-000000000001'),
('00000000-0000-0000-0000-0000000000d0','478','00000000-0000-0000-0000-000000000001',31,11,'Row 8','00000000-0000-0000-0000-000000000001','00000000-0000-0000-0000-000000000001'),
('00000000-0000-0000-0000-0000000000d1','477','00000000-0000-0000-0000-000000000001',32,11,'Row 8','00000000-0000-0000-0000-000000000001','00000000-0000-0000-0000-000000000001'),
('00000000-0000-0000-0000-0000000000d2','476','00000000-0000-0000-0000-000000000001',33,11,'Row 8','00000000-0000-0000-0000-000000000001','00000000-0000-0000-0000-000000000001'),
('00000000-0000-0000-0000-0000000000d3','475','00000000-0000-0000-0000-000000000001',34,11,'Row 8','00000000-0000-0000-0000-000000000001','00000000-0000-0000-0000-000000000001'),
('00000000-0000-0000-0000-0000000000d4','167','00000000-0000-0000-0000-000000000001',3,12,'Row 9','00000000-0000-0000-0000-000000000001','00000000-0000-0000-0000-000000000001'),
('00000000-0000-0000-0000-0000000000d5','168','00000000-0000-0000-0000-000000000001',4,12,'Row 9','00000000-0000-0000-0000-000000000001','00000000-0000-0000-0000-000000000001'),
('00000000-0000-0000-0000-0000000000d6','169','00000000-0000-0000-0000-000000000001',5,12,'Row 9','00000000-0000-0000-0000-000000000001','00000000-0000-0000-0000-000000000001'),
('00000000-0000-0000-0000-0000000000d7','170','00000000-0000-0000-0000-000000000001',6,12,'Row 9','00000000-0000-0000-0000-000000000001','00000000-0000-0000-0000-000000000001'),
('00000000-0000-0000-0000-0000000000d8','171','00000000-0000-0000-0000-000000000001',7,12,'Row 9','00000000-0000-0000-0000-000000000001','00000000-0000-0000-0000-000000000001'),
('00000000-0000-0000-0000-0000000000d9','172','00000000-0000-0000-0000-000000000001',8,12,'Row 9','00000000-0000-0000-0000-000000000001','00000000-0000-0000-0000-000000000001'),
('00000000-0000-0000-0000-0000000000da','173','00000000-0000-0000-0000-000000000001',9,12,'Row 9','00000000-0000-0000-0000-000000000001','00000000-0000-0000-0000-000000000001'),
('00000000-0000-0000-0000-0000000000db','174','00000000-0000-0000-0000-000000000001',10,12,'Row 9','00000000-0000-0000-0000-000000000001','00000000-0000-0000-0000-000000000001'),
('00000000-0000-0000-0000-0000000000dc','175','00000000-0000-0000-0000-000000000001',11,12,'Row 9','00000000-0000-0000-0000-000000000001','00000000-0000-0000-0000-000000000001'),
('00000000-0000-0000-0000-0000000000dd','176','00000000-0000-0000-0000-000000000001',12,12,'Row 9','00000000-0000-0000-0000-000000000001','00000000-0000-0000-0000-000000000001'),
('00000000-0000-0000-0000-0000000000de','177','00000000-0000-0000-0000-000000000001',13,12,'Row 9','00000000-0000-0000-0000-000000000001','00000000-0000-0000-0000-000000000001'),
('00000000-0000-0000-0000-0000000000df','178','00000000-0000-0000-0000-000000000001',14,12,'Row 9','00000000-0000-0000-0000-000000000001','00000000-0000-0000-0000-000000000001'),
('00000000-0000-0000-0000-0000000000e0','179','00000000-0000-0000-0000-000000000001',17,12,'Row 9','00000000-0000-0000-0000-000000000001','00000000-0000-0000-0000-000000000001'),
('00000000-0000-0000-0000-0000000000e1','180','00000000-0000-0000-0000-000000000001',18,12,'Row 9','00000000-0000-0000-0000-000000000001','00000000-0000-0000-0000-000000000001'),
('00000000-0000-0000-0000-0000000000e2','181','00000000-0000-0000-0000-000000000001',19,12,'Row 9','00000000-0000-0000-0000-000000000001','00000000-0000-0000-0000-000000000001'),
('00000000-0000-0000-0000-0000000000e3','182','00000000-0000-0000-0000-000000000001',20,12,'Row 9','00000000-0000-0000-0000-000000000001','00000000-0000-0000-0000-000000000001'),
('00000000-0000-0000-0000-0000000000e4','183','00000000-0000-0000-0000-000000000001',21,12,'Row 9','00000000-0000-0000-0000-000000000001','00000000-0000-0000-0000-000000000001'),
('00000000-0000-0000-0000-0000000000e5','184','00000000-0000-0000-0000-000000000001',22,12,'Row 9','00000000-0000-0000-0000-000000000001','00000000-0000-0000-0000-000000000001'),
('00000000-0000-0000-0000-0000000000e6','185','00000000-0000-0000-0000-000000000001',23,12,'Row 9','00000000-0000-0000-0000-000000000001','00000000-0000-0000-0000-000000000001'),
('00000000-0000-0000-0000-0000000000e7','186','00000000-0000-0000-0000-000000000001',24,12,'Row 9','00000000-0000-0000-0000-000000000001','00000000-0000-0000-0000-000000000001'),
('00000000-0000-0000-0000-0000000000e8','187','00000000-0000-0000-0000-000000000001',25,12,'Row 9','00000000-0000-0000-0000-000000000001','00000000-0000-0000-0000-000000000001'),
('00000000-0000-0000-0000-0000000000e9','188','00000000-0000-0000-0000-000000000001',26,12,'Row 9','00000000-0000-0000-0000-000000000001','00000000-0000-0000-0000-000000000001'),
('00000000-0000-0000-0000-0000000000ea','481','00000000-0000-0000-0000-000000000001',29,12,'Row 9','00000000-0000-0000-0000-000000000001','00000000-0000-0000-0000-000000000001'),
('00000000-0000-0000-0000-0000000000eb','482','00000000-0000-0000-0000-000000000001',30,12,'Row 9','00000000-0000-0000-0000-000000000001','00000000-0000-0000-0000-000000000001'),
('00000000-0000-0000-0000-0000000000ec','483','00000000-0000-0000-0000-000000000001',31,12,'Row 9','00000000-0000-0000-0000-000000000001','00000000-0000-0000-0000-000000000001'),
('00000000-0000-0000-0000-0000000000ed','484','00000000-0000-0000-0000-000000000001',32,12,'Row 9','00000000-0000-0000-0000-000000000001','00000000-0000-0000-0000-000000000001'),
('00000000-0000-0000-0000-0000000000ee','485','00000000-0000-0000-0000-000000000001',33,12,'Row 9','00000000-0000-0000-0000-000000000001','00000000-0000-0000-0000-000000000001'),
('00000000-0000-0000-0000-0000000000ef','486','00000000-0000-0000-0000-000000000001',34,12,'Row 9','00000000-0000-0000-0000-000000000001','00000000-0000-0000-0000-000000000001'),
('00000000-0000-0000-0000-0000000000f0','211','00000000-0000-0000-0000-000000000001',3,13,'Row 10','00000000-0000-0000-0000-000000000001','00000000-0000-0000-0000-000000000001'),
('00000000-0000-0000-0000-0000000000f1','210','00000000-0000-0000-0000-000000000001',4,13,'Row 10','00000000-0000-0000-0000-000000000001','00000000-0000-0000-0000-000000000001'),
('00000000-0000-0000-0000-0000000000f2','209','00000000-0000-0000-0000-000000000001',5,13,'Row 10','00000000-0000-0000-0000-000000000001','00000000-0000-0000-0000-000000000001'),
('00000000-0000-0000-0000-0000000000f3','208','00000000-0000-0000-0000-000000000001',6,13,'Row 10','00000000-0000-0000-0000-000000000001','00000000-0000-0000-0000-000000000001'),
('00000000-0000-0000-0000-0000000000f4','207','00000000-0000-0000-0000-000000000001',7,13,'Row 10','00000000-0000-0000-0000-000000000001','00000000-0000-0000-0000-000000000001'),
('00000000-0000-0000-0000-0000000000f5','206','00000000-0000-0000-0000-000000000001',8,13,'Row 10','00000000-0000-0000-0000-000000000001','00000000-0000-0000-0000-000000000001'),
('00000000-0000-0000-0000-0000000000f6','205','00000000-0000-0000-0000-000000000001',9,13,'Row 10','00000000-0000-0000-0000-000000000001','00000000-0000-0000-0000-000000000001'),
('00000000-0000-0000-0000-0000000000f7','204','00000000-0000-0000-0000-000000000001',10,13,'Row 10','00000000-0000-0000-0000-000000000001','00000000-0000-0000-0000-000000000001'),
('00000000-0000-0000-0000-0000000000f8','203','00000000-0000-0000-0000-000000000001',11,13,'Row 10','00000000-0000-0000-0000-000000000001','00000000-0000-0000-0000-000000000001'),
('00000000-0000-0000-0000-0000000000f9','202','00000000-0000-0000-0000-000000000001',12,13,'Row 10','00000000-0000-0000-0000-000000000001','00000000-0000-0000-0000-000000000001'),
('00000000-0000-0000-0000-0000000000fa','201','00000000-0000-0000-0000-000000000001',13,13,'Row 10','00000000-0000-0000-0000-000000000001','00000000-0000-0000-0000-000000000001'),
('00000000-0000-0000-0000-0000000000fb','200','00000000-0000-0000-0000-000000000001',14,13,'Row 10','00000000-0000-0000-0000-000000000001','00000000-0000-0000-0000-000000000001'),
('00000000-0000-0000-0000-0000000000fc','199','00000000-0000-0000-0000-000000000001',15,13,'Row 10','00000000-0000-0000-0000-000000000001','00000000-0000-0000-0000-000000000001'),
('00000000-0000-0000-0000-0000000000fd','198','00000000-0000-0000-0000-000000000001',17,13,'Row 10','00000000-0000-0000-0000-000000000001','00000000-0000-0000-0000-000000000001'),
('00000000-0000-0000-0000-0000000000fe','197','00000000-0000-0000-0000-000000000001',18,13,'Row 10','00000000-0000-0000-0000-000000000001','00000000-0000-0000-0000-000000000001'),
('00000000-0000-0000-0000-0000000000ff','196','00000000-0000-0000-0000-000000000001',19,13,'Row 10','00000000-0000-0000-0000-000000000001','00000000-0000-0000-0000-000000000001'),
('00000000-0000-0000-0000-000000000100','195','00000000-0000-0000-0000-000000000001',20,13,'Row 10','00000000-0000-0000-0000-000000000001','00000000-0000-0000-0000-000000000001'),
('00000000-0000-0000-0000-000000000101','194','00000000-0000-0000-0000-000000000001',21,13,'Row 10','00000000-0000-0000-0000-000000000001','00000000-0000-0000-0000-000000000001'),
('00000000-0000-0000-0000-000000000102','193','00000000-0000-0000-0000-000000000001',22,13,'Row 10','00000000-0000-0000-0000-000000000001','00000000-0000-0000-0000-000000000001'),
('00000000-0000-0000-0000-000000000103','192','00000000-0000-0000-0000-000000000001',23,13,'Row 10','00000000-0000-0000-0000-000000000001','00000000-0000-0000-0000-000000000001'),
('00000000-0000-0000-0000-000000000104','191','00000000-0000-0000-0000-000000000001',24,13,'Row 10','00000000-0000-0000-0000-000000000001','00000000-0000-0000-0000-000000000001'),
('00000000-0000-0000-0000-000000000105','190','00000000-0000-0000-0000-000000000001',25,13,'Row 10','00000000-0000-0000-0000-000000000001','00000000-0000-0000-0000-000000000001'),
('00000000-0000-0000-0000-000000000106','189','00000000-0000-0000-0000-000000000001',26,13,'Row 10','00000000-0000-0000-0000-000000000001','00000000-0000-0000-0000-000000000001'),
('00000000-0000-0000-0000-000000000107','492','00000000-0000-0000-0000-000000000001',29,13,'Row 10','00000000-0000-0000-0000-000000000001','00000000-0000-0000-0000-000000000001'),
('00000000-0000-0000-0000-000000000108','491','00000000-0000-0000-0000-000000000001',30,13,'Row 10','00000000-0000-0000-0000-000000000001','00000000-0000-0000-0000-000000000001'),
('00000000-0000-0000-0000-000000000109','490','00000000-0000-0000-0000-000000000001',31,13,'Row 10','00000000-0000-0000-0000-000000000001','00000000-0000-0000-0000-000000000001'),
('00000000-0000-0000-0000-00000000010a','489','00000000-0000-0000-0000-000000000001',32,13,'Row 10','00000000-0000-0000-0000-000000000001','00000000-0000-0000-0000-000000000001'),
('00000000-0000-0000-0000-00000000010b','488','00000000-0000-0000-0000-000000000001',33,13,'Row 10','00000000-0000-0000-0000-000000000001','00000000-0000-0000-0000-000000000001'),
('00000000-0000-0000-0000-00000000010c','487','00000000-0000-0000-0000-000000000001',34,13,'Row 10','00000000-0000-0000-0000-000000000001','00000000-0000-0000-0000-000000000001'),
('00000000-0000-0000-0000-00000000010d','212','00000000-0000-0000-0000-000000000001',3,14,'Row 11','00000000-0000-0000-0000-000000000001','00000000-0000-0000-0000-000000000001'),
('00000000-0000-0000-0000-00000000010e','213','00000000-0000-0000-0000-000000000001',4,14,'Row 11','00000000-0000-0000-0000-000000000001','00000000-0000-0000-0000-000000000001'),
('00000000-0000-0000-0000-00000000010f','214','00000000-0000-0000-0000-000000000001',5,14,'Row 11','00000000-0000-0000-0000-000000000001','00000000-0000-0000-0000-000000000001'),
('00000000-0000-0000-0000-000000000110','215','00000000-0000-0000-0000-000000000001',6,14,'Row 11','00000000-0000-0000-0000-000000000001','00000000-0000-0000-0000-000000000001'),
('00000000-0000-0000-0000-000000000111','216','00000000-0000-0000-0000-000000000001',7,14,'Row 11','00000000-0000-0000-0000-000000000001','00000000-0000-0000-0000-000000000001'),
('00000000-0000-0000-0000-000000000112','217','00000000-0000-0000-0000-000000000001',8,14,'Row 11','00000000-0000-0000-0000-000000000001','00000000-0000-0000-0000-000000000001'),
('00000000-0000-0000-0000-000000000113','218','00000000-0000-0000-0000-000000000001',9,14,'Row 11','00000000-0000-0000-0000-000000000001','00000000-0000-0000-0000-000000000001'),
('00000000-0000-0000-0000-000000000114','219','00000000-0000-0000-0000-000000000001',10,14,'Row 11','00000000-0000-0000-0000-000000000001','00000000-0000-0000-0000-000000000001'),
('00000000-0000-0000-0000-000000000115','220','00000000-0000-0000-0000-000000000001',11,14,'Row 11','00000000-0000-0000-0000-000000000001','00000000-0000-0000-0000-000000000001'),
('00000000-0000-0000-0000-000000000116','221','00000000-0000-0000-0000-000000000001',12,14,'Row 11','00000000-0000-0000-0000-000000000001','00000000-0000-0000-0000-000000000001'),
('00000000-0000-0000-0000-000000000117','222','00000000-0000-0000-0000-000000000001',13,14,'Row 11','00000000-0000-0000-0000-000000000001','00000000-0000-0000-0000-000000000001'),
('00000000-0000-0000-0000-000000000118','223','00000000-0000-0000-0000-000000000001',14,14,'Row 11','00000000-0000-0000-0000-000000000001','00000000-0000-0000-0000-000000000001'),
('00000000-0000-0000-0000-000000000119','224','00000000-0000-0000-0000-000000000001',15,14,'Row 11','00000000-0000-0000-0000-000000000001','00000000-0000-0000-0000-000000000001'),
('00000000-0000-0000-0000-00000000011a','225','00000000-0000-0000-0000-000000000001',17,14,'Row 11','00000000-0000-0000-0000-000000000001','00000000-0000-0000-0000-000000000001'),
('00000000-0000-0000-0000-00000000011b','226','00000000-0000-0000-0000-000000000001',18,14,'Row 11','00000000-0000-0000-0000-000000000001','00000000-0000-0000-0000-000000000001'),
('00000000-0000-0000-0000-00000000011c','227','00000000-0000-0000-0000-000000000001',19,14,'Row 11','00000000-0000-0000-0000-000000000001','00000000-0000-0000-0000-000000000001'),
('00000000-0000-0000-0000-00000000011d','228','00000000-0000-0000-0000-000000000001',20,14,'Row 11','00000000-0000-0000-0000-000000000001','00000000-0000-0000-0000-000000000001'),
('00000000-0000-0000-0000-00000000011e','229','00000000-0000-0000-0000-000000000001',21,14,'Row 11','00000000-0000-0000-0000-000000000001','00000000-0000-0000-0000-000000000001'),
('00000000-0000-0000-0000-00000000011f','230','00000000-0000-0000-0000-000000000001',22,14,'Row 11','00000000-0000-0000-0000-000000000001','00000000-0000-0000-0000-000000000001'),
('00000000-0000-0000-0000-000000000120','231','00000000-0000-0000-0000-000000000001',23,14,'Row 11','00000000-0000-0000-0000-000000000001','00000000-0000-0000-0000-000000000001'),
('00000000-0000-0000-0000-000000000121','232','00000000-0000-0000-0000-000000000001',24,14,'Row 11','00000000-0000-0000-0000-000000000001','00000000-0000-0000-0000-000000000001'),
('00000000-0000-0000-0000-000000000122','233','00000000-0000-0000-0000-000000000001',25,14,'Row 11','00000000-0000-0000-0000-000000000001','00000000-0000-0000-0000-000000000001'),
('00000000-0000-0000-0000-000000000123','234','00000000-0000-0000-0000-000000000001',26,14,'Row 11','00000000-0000-0000-0000-000000000001','00000000-0000-0000-0000-000000000001'),
('00000000-0000-0000-0000-000000000124','493','00000000-0000-0000-0000-000000000001',29,14,'Row 11','00000000-0000-0000-0000-000000000001','00000000-0000-0000-0000-000000000001'),
('00000000-0000-0000-0000-000000000125','494','00000000-0000-0000-0000-000000000001',30,14,'Row 11','00000000-0000-0000-0000-000000000001','00000000-0000-0000-0000-000000000001'),
('00000000-0000-0000-0000-000000000126','495','00000000-0000-0000-0000-000000000001',31,14,'Row 11','00000000-0000-0000-0000-000000000001','00000000-0000-0000-0000-000000000001'),
('00000000-0000-0000-0000-000000000127','496','00000000-0000-0000-0000-000000000001',32,14,'Row 11','00000000-0000-0000-0000-000000000001','00000000-0000-0000-0000-000000000001'),
('00000000-0000-0000-0000-000000000128','497','00000000-0000-0000-0000-000000000001',33,14,'Row 11','00000000-0000-0000-0000-000000000001','00000000-0000-0000-0000-000000000001'),
('00000000-0000-0000-0000-000000000129','498','00000000-0000-0000-0000-000000000001',34,14,'Row 11','00000000-0000-0000-0000-000000000001','00000000-0000-0000-0000-000000000001'),
('00000000-0000-0000-0000-00000000012a','257','00000000-0000-0000-0000-000000000001',3,15,'Row 12','00000000-0000-0000-0000-000000000001','00000000-0000-0000-0000-000000000001'),
('00000000-0000-0000-0000-00000000012b','256','00000000-0000-0000-0000-000000000001',4,15,'Row 12','00000000-0000-0000-0000-000000000001','00000000-0000-0000-0000-000000000001'),
('00000000-0000-0000-0000-00000000012c','255','00000000-0000-0000-0000-000000000001',5,15,'Row 12','00000000-0000-0000-0000-000000000001','00000000-0000-0000-0000-000000000001'),
('00000000-0000-0000-0000-00000000012d','254','00000000-0000-0000-0000-000000000001',6,15,'Row 12','00000000-0000-0000-0000-000000000001','00000000-0000-0000-0000-000000000001'),
('00000000-0000-0000-0000-00000000012e','253','00000000-0000-0000-0000-000000000001',7,15,'Row 12','00000000-0000-0000-0000-000000000001','00000000-0000-0000-0000-000000000001'),
('00000000-0000-0000-0000-00000000012f','252','00000000-0000-0000-0000-000000000001',8,15,'Row 12','00000000-0000-0000-0000-000000000001','00000000-0000-0000-0000-000000000001'),
('00000000-0000-0000-0000-000000000130','251','00000000-0000-0000-0000-000000000001',9,15,'Row 12','00000000-0000-0000-0000-000000000001','00000000-0000-0000-0000-000000000001'),
('00000000-0000-0000-0000-000000000131','250','00000000-0000-0000-0000-000000000001',10,15,'Row 12','00000000-0000-0000-0000-000000000001','00000000-0000-0000-0000-000000000001'),
('00000000-0000-0000-0000-000000000132','249','00000000-0000-0000-0000-000000000001',11,15,'Row 12','00000000-0000-0000-0000-000000000001','00000000-0000-0000-0000-000000000001'),
('00000000-0000-0000-0000-000000000133','248','00000000-0000-0000-0000-000000000001',12,15,'Row 12','00000000-0000-0000-0000-000000000001','00000000-0000-0000-0000-000000000001'),
('00000000-0000-0000-0000-000000000134','247','00000000-0000-0000-0000-000000000001',13,15,'Row 12','00000000-0000-0000-0000-000000000001','00000000-0000-0000-0000-000000000001'),
('00000000-0000-0000-0000-000000000135','246','00000000-0000-0000-0000-000000000001',14,15,'Row 12','00000000-0000-0000-0000-000000000001','00000000-0000-0000-0000-000000000001'),
('00000000-0000-0000-0000-000000000136','245','00000000-0000-0000-0000-000000000001',15,15,'Row 12','00000000-0000-0000-0000-000000000001','00000000-0000-0000-0000-000000000001'),
('00000000-0000-0000-0000-000000000137','244','00000000-0000-0000-0000-000000000001',17,15,'Row 12','00000000-0000-0000-0000-000000000001','00000000-0000-0000-0000-000000000001'),
('00000000-0000-0000-0000-000000000138','243','00000000-0000-0000-0000-000000000001',18,15,'Row 12','00000000-0000-0000-0000-000000000001','00000000-0000-0000-0000-000000000001'),
('00000000-0000-0000-0000-000000000139','242','00000000-0000-0000-0000-000000000001',19,15,'Row 12','00000000-0000-0000-0000-000000000001','00000000-0000-0000-0000-000000000001'),
('00000000-0000-0000-0000-00000000013a','241','00000000-0000-0000-0000-000000000001',20,15,'Row 12','00000000-0000-0000-0000-000000000001','00000000-0000-0000-0000-000000000001'),
('00000000-0000-0000-0000-00000000013b','240','00000000-0000-0000-0000-000000000001',21,15,'Row 12','00000000-0000-0000-0000-000000000001','00000000-0000-0000-0000-000000000001'),
('00000000-0000-0000-0000-00000000013c','239','00000000-0000-0000-0000-000000000001',22,15,'Row 12','00000000-0000-0000-0000-000000000001','00000000-0000-0000-0000-000000000001'),
('00000000-0000-0000-0000-00000000013d','238','00000000-0000-0000-0000-000000000001',23,15,'Row 12','00000000-0000-0000-0000-000000000001','00000000-0000-0000-0000-000000000001'),
('00000000-0000-0000-0000-00000000013e','237','00000000-0000-0000-0000-000000000001',24,15,'Row 12','00000000-0000-0000-0000-000000000001','00000000-0000-0000-0000-000000000001'),
('00000000-0000-0000-0000-00000000013f','236','00000000-0000-0000-0000-000000000001',25,15,'Row 12','00000000-0000-0000-0000-000000000001','00000000-0000-0000-0000-000000000001'),
('00000000-0000-0000-0000-000000000140','235','00000000-0000-0000-0000-000000000001',26,15,'Row 12','00000000-0000-0000-0000-000000000001','00000000-0000-0000-0000-000000000001'),
('00000000-0000-0000-0000-000000000141','504','00000000-0000-0000-0000-000000000001',29,15,'Row 12','00000000-0000-0000-0000-000000000001','00000000-0000-0000-0000-000000000001'),
('00000000-0000-0000-0000-000000000142','503','00000000-0000-0000-0000-000000000001',30,15,'Row 12','00000000-0000-0000-0000-000000000001','00000000-0000-0000-0000-000000000001'),
('00000000-0000-0000-0000-000000000143','502','00000000-0000-0000-0000-000000000001',31,15,'Row 12','00000000-0000-0000-0000-000000000001','00000000-0000-0000-0000-000000000001'),
('00000000-0000-0000-0000-000000000144','501','00000000-0000-0000-0000-000000000001',32,15,'Row 12','00000000-0000-0000-0000-000000000001','00000000-0000-0000-0000-000000000001'),
('00000000-0000-0000-0000-000000000145','500','00000000-0000-0000-0000-000000000001',33,15,'Row 12','00000000-0000-0000-0000-000000000001','00000000-0000-0000-0000-000000000001'),
('00000000-0000-0000-0000-000000000146','499','00000000-0000-0000-0000-000000000001',34,15,'Row 12','00000000-0000-0000-0000-000000000001','00000000-0000-0000-0000-000000000001'),
('00000000-0000-0000-0000-000000000147','258','00000000-0000-0000-0000-000000000001',3,16,'Row 13','00000000-0000-0000-0000-000000000001','00000000-0000-0000-0000-000000000001'),
('00000000-0000-0000-0000-000000000148','259','00000000-0000-0000-0000-000000000001',4,16,'Row 13','00000000-0000-0000-0000-000000000001','00000000-0000-0000-0000-000000000001'),
('00000000-0000-0000-0000-000000000149','260','00000000-0000-0000-0000-000000000001',5,16,'Row 13','00000000-0000-0000-0000-000000000001','00000000-0000-0000-0000-000000000001'),
('00000000-0000-0000-0000-00000000014a','261','00000000-0000-0000-0000-000000000001',6,16,'Row 13','00000000-0000-0000-0000-000000000001','00000000-0000-0000-0000-000000000001'),
('00000000-0000-0000-0000-00000000014b','262','00000000-0000-0000-0000-000000000001',7,16,'Row 13','00000000-0000-0000-0000-000000000001','00000000-0000-0000-0000-000000000001'),
('00000000-0000-0000-0000-00000000014c','263','00000000-0000-0000-0000-000000000001',8,16,'Row 13','00000000-0000-0000-0000-000000000001','00000000-0000-0000-0000-000000000001'),
('00000000-0000-0000-0000-00000000014d','264','00000000-0000-0000-0000-000000000001',9,16,'Row 13','00000000-0000-0000-0000-000000000001','00000000-0000-0000-0000-000000000001'),
('00000000-0000-0000-0000-00000000014e','265','00000000-0000-0000-0000-000000000001',10,16,'Row 13','00000000-0000-0000-0000-000000000001','00000000-0000-0000-0000-000000000001'),
('00000000-0000-0000-0000-00000000014f','266','00000000-0000-0000-0000-000000000001',11,16,'Row 13','00000000-0000-0000-0000-000000000001','00000000-0000-0000-0000-000000000001'),
('00000000-0000-0000-0000-000000000150','267','00000000-0000-0000-0000-000000000001',12,16,'Row 13','00000000-0000-0000-0000-000000000001','00000000-0000-0000-0000-000000000001'),
('00000000-0000-0000-0000-000000000151','268','00000000-0000-0000-0000-000000000001',13,16,'Row 13','00000000-0000-0000-0000-000000000001','00000000-0000-0000-0000-000000000001'),
('00000000-0000-0000-0000-000000000152','269','00000000-0000-0000-0000-000000000001',14,16,'Row 13','00000000-0000-0000-0000-000000000001','00000000-0000-0000-0000-000000000001'),
('00000000-0000-0000-0000-000000000153','270','00000000-0000-0000-0000-000000000001',15,16,'Row 13','00000000-0000-0000-0000-000000000001','00000000-0000-0000-0000-000000000001'),
('00000000-0000-0000-0000-000000000154','271','00000000-0000-0000-0000-000000000001',17,16,'Row 13','00000000-0000-0000-0000-000000000001','00000000-0000-0000-0000-000000000001'),
('00000000-0000-0000-0000-000000000155','272','00000000-0000-0000-0000-000000000001',18,16,'Row 13','00000000-0000-0000-0000-000000000001','00000000-0000-0000-0000-000000000001'),
('00000000-0000-0000-0000-000000000156','273','00000000-0000-0000-0000-000000000001',19,16,'Row 13','00000000-0000-0000-0000-000000000001','00000000-0000-0000-0000-000000000001'),
('00000000-0000-0000-0000-000000000157','274','00000000-0000-0000-0000-000000000001',20,16,'Row 13','00000000-0000-0000-0000-000000000001','00000000-0000-0000-0000-000000000001'),
('00000000-0000-0000-0000-000000000158','275','00000000-0000-0000-0000-000000000001',21,16,'Row 13','00000000-0000-0000-0000-000000000001','00000000-0000-0000-0000-000000000001'),
('00000000-0000-0000-0000-000000000159','276','00000000-0000-0000-0000-000000000001',22,16,'Row 13','00000000-0000-0000-0000-000000000001','00000000-0000-0000-0000-000000000001'),
('00000000-0000-0000-0000-00000000015a','277','00000000-0000-0000-0000-000000000001',23,16,'Row 13','00000000-0000-0000-0000-000000000001','00000000-0000-0000-0000-000000000001'),
('00000000-0000-0000-0000-00000000015b','278','00000000-0000-0000-0000-000000000001',24,16,'Row 13','00000000-0000-0000-0000-000000000001','00000000-0000-0000-0000-000000000001'),
('00000000-0000-0000-0000-00000000015c','279','00000000-0000-0000-0000-000000000001',25,16,'Row 13','00000000-0000-0000-0000-000000000001','00000000-0000-0000-0000-000000000001'),
('00000000-0000-0000-0000-00000000015d','280','00000000-0000-0000-0000-000000000001',26,16,'Row 13','00000000-0000-0000-0000-000000000001','00000000-0000-0000-0000-000000000001'),
('00000000-0000-0000-0000-00000000015e','505','00000000-0000-0000-0000-000000000001',29,16,'Row 13','00000000-0000-0000-0000-000000000001','00000000-0000-0000-0000-000000000001'),
('00000000-0000-0000-0000-00000000015f','506','00000000-0000-0000-0000-000000000001',30,16,'Row 13','00000000-0000-0000-0000-000000000001','00000000-0000-0000-0000-000000000001'),
('00000000-0000-0000-0000-000000000160','507','00000000-0000-0000-0000-000000000001',31,16,'Row 13','00000000-0000-0000-0000-000000000001','00000000-0000-0000-0000-000000000001'),
('00000000-0000-0000-0000-000000000161','508','00000000-0000-0000-0000-000000000001',32,16,'Row 13','00000000-0000-0000-0000-000000000001','00000000-0000-0000-0000-000000000001'),
('00000000-0000-0000-0000-000000000162','509','00000000-0000-0000-0000-000000000001',33,16,'Row 13','00000000-0000-0000-0000-000000000001','00000000-0000-0000-0000-000000000001'),
('00000000-0000-0000-0000-000000000163','510','00000000-0000-0000-0000-000000000001',34,16,'Row 13','00000000-0000-0000-0000-000000000001','00000000-0000-0000-0000-000000000001'),
('00000000-0000-0000-0000-000000000164','303','00000000-0000-0000-0000-000000000001',3,17,'Row 14','00000000-0000-0000-0000-000000000001','00000000-0000-0000-0000-000000000001'),
('00000000-0000-0000-0000-000000000165','302','00000000-0000-0000-0000-000000000001',4,17,'Row 14','00000000-0000-0000-0000-000000000001','00000000-0000-0000-0000-000000000001'),
('00000000-0000-0000-0000-000000000166','301','00000000-0000-0000-0000-000000000001',5,17,'Row 14','00000000-0000-0000-0000-000000000001','00000000-0000-0000-0000-000000000001'),
('00000000-0000-0000-0000-000000000167','300','00000000-0000-0000-0000-000000000001',6,17,'Row 14','00000000-0000-0000-0000-000000000001','00000000-0000-0000-0000-000000000001'),
('00000000-0000-0000-0000-000000000168','299','00000000-0000-0000-0000-000000000001',7,17,'Row 14','00000000-0000-0000-0000-000000000001','00000000-0000-0000-0000-000000000001'),
('00000000-0000-0000-0000-000000000169','298','00000000-0000-0000-0000-000000000001',8,17,'Row 14','00000000-0000-0000-0000-000000000001','00000000-0000-0000-0000-000000000001'),
('00000000-0000-0000-0000-00000000016a','297','00000000-0000-0000-0000-000000000001',9,17,'Row 14','00000000-0000-0000-0000-000000000001','00000000-0000-0000-0000-000000000001'),
('00000000-0000-0000-0000-00000000016b','296','00000000-0000-0000-0000-000000000001',10,17,'Row 14','00000000-0000-0000-0000-000000000001','00000000-0000-0000-0000-000000000001'),
('00000000-0000-0000-0000-00000000016c','295','00000000-0000-0000-0000-000000000001',11,17,'Row 14','00000000-0000-0000-0000-000000000001','00000000-0000-0000-0000-000000000001'),
('00000000-0000-0000-0000-00000000016d','294','00000000-0000-0000-0000-000000000001',12,17,'Row 14','00000000-0000-0000-0000-000000000001','00000000-0000-0000-0000-000000000001'),
('00000000-0000-0000-0000-00000000016e','293','00000000-0000-0000-0000-000000000001',13,17,'Row 14','00000000-0000-0000-0000-000000000001','00000000-0000-0000-0000-000000000001'),
('00000000-0000-0000-0000-00000000016f','292','00000000-0000-0000-0000-000000000001',14,17,'Row 14','00000000-0000-0000-0000-000000000001','00000000-0000-0000-0000-000000000001'),
('00000000-0000-0000-0000-000000000170','291','00000000-0000-0000-0000-000000000001',15,17,'Row 14','00000000-0000-0000-0000-000000000001','00000000-0000-0000-0000-000000000001'),
('00000000-0000-0000-0000-000000000171','290','00000000-0000-0000-0000-000000000001',17,17,'Row 14','00000000-0000-0000-0000-000000000001','00000000-0000-0000-0000-000000000001'),
('00000000-0000-0000-0000-000000000172','289','00000000-0000-0000-0000-000000000001',18,17,'Row 14','00000000-0000-0000-0000-000000000001','00000000-0000-0000-0000-000000000001'),
('00000000-0000-0000-0000-000000000173','288','00000000-0000-0000-0000-000000000001',19,17,'Row 14','00000000-0000-0000-0000-000000000001','00000000-0000-0000-0000-000000000001'),
('00000000-0000-0000-0000-000000000174','287','00000000-0000-0000-0000-000000000001',20,17,'Row 14','00000000-0000-0000-0000-000000000001','00000000-0000-0000-0000-000000000001'),
('00000000-0000-0000-0000-000000000175','286','00000000-0000-0000-0000-000000000001',21,17,'Row 14','00000000-0000-0000-0000-000000000001','00000000-0000-0000-0000-000000000001'),
('00000000-0000-0000-0000-000000000176','285','00000000-0000-0000-0000-000000000001',22,17,'Row 14','00000000-0000-0000-0000-000000000001','00000000-0000-0000-0000-000000000001'),
('00000000-0000-0000-0000-000000000177','284','00000000-0000-0000-0000-000000000001',23,17,'Row 14','00000000-0000-0000-0000-000000000001','00000000-0000-0000-0000-000000000001'),
('00000000-0000-0000-0000-000000000178','283','00000000-0000-0000-0000-000000000001',24,17,'Row 14','00000000-0000-0000-0000-000000000001','00000000-0000-0000-0000-000000000001'),
('00000000-0000-0000-0000-000000000179','282','00000000-0000-0000-0000-000000000001',25,17,'Row 14','00000000-0000-0000-0000-000000000001','00000000-0000-0000-0000-000000000001'),
('00000000-0000-0000-0000-00000000017a','281','00000000-0000-0000-0000-000000000001',26,17,'Row 14','00000000-0000-0000-0000-000000000001','00000000-0000-0000-0000-000000000001'),
('00000000-0000-0000-0000-00000000017b','514','00000000-0000-0000-0000-000000000001',31,17,'Row 14','00000000-0000-0000-0000-000000000001','00000000-0000-0000-0000-000000000001'),
('00000000-0000-0000-0000-00000000017c','513','00000000-0000-0000-0000-000000000001',32,17,'Row 14','00000000-0000-0000-0000-000000000001','00000000-0000-0000-0000-000000000001'),
('00000000-0000-0000-0000-00000000017d','512','00000000-0000-0000-0000-000000000001',33,17,'Row 14','00000000-0000-0000-0000-000000000001','00000000-0000-0000-0000-000000000001'),
('00000000-0000-0000-0000-00000000017e','511','00000000-0000-0000-0000-000000000001',34,17,'Row 14','00000000-0000-0000-0000-000000000001','00000000-0000-0000-0000-000000000001'),
('00000000-0000-0000-0000-00000000017f','304','00000000-0000-0000-0000-000000000001',3,18,'Row 15','00000000-0000-0000-0000-000000000001','00000000-0000-0000-0000-000000000001'),
('00000000-0000-0000-0000-000000000180','305','00000000-0000-0000-0000-000000000001',4,18,'Row 15','00000000-0000-0000-0000-000000000001','00000000-0000-0000-0000-000000000001'),
('00000000-0000-0000-0000-000000000181','306','00000000-0000-0000-0000-000000000001',5,18,'Row 15','00000000-0000-0000-0000-000000000001','00000000-0000-0000-0000-000000000001'),
('00000000-0000-0000-0000-000000000182','307','00000000-0000-0000-0000-000000000001',6,18,'Row 15','00000000-0000-0000-0000-000000000001','00000000-0000-0000-0000-000000000001'),
('00000000-0000-0000-0000-000000000183','308','00000000-0000-0000-0000-000000000001',7,18,'Row 15','00000000-0000-0000-0000-000000000001','00000000-0000-0000-0000-000000000001'),
('00000000-0000-0000-0000-000000000184','309','00000000-0000-0000-0000-000000000001',8,18,'Row 15','00000000-0000-0000-0000-000000000001','00000000-0000-0000-0000-000000000001'),
('00000000-0000-0000-0000-000000000185','310','00000000-0000-0000-0000-000000000001',9,18,'Row 15','00000000-0000-0000-0000-000000000001','00000000-0000-0000-0000-000000000001'),
('00000000-0000-0000-0000-000000000186','311','00000000-0000-0000-0000-000000000001',10,18,'Row 15','00000000-0000-0000-0000-000000000001','00000000-0000-0000-0000-000000000001'),
('00000000-0000-0000-0000-000000000187','312','00000000-0000-0000-0000-000000000001',11,18,'Row 15','00000000-0000-0000-0000-000000000001','00000000-0000-0000-0000-000000000001'),
('00000000-0000-0000-0000-000000000188','313','00000000-0000-0000-0000-000000000001',12,18,'Row 15','00000000-0000-0000-0000-000000000001','00000000-0000-0000-0000-000000000001'),
('00000000-0000-0000-0000-000000000189','314','00000000-0000-0000-0000-000000000001',17,18,'Row 15','00000000-0000-0000-0000-000000000001','00000000-0000-0000-0000-000000000001'),
('00000000-0000-0000-0000-00000000018a','315','00000000-0000-0000-0000-000000000001',18,18,'Row 15','00000000-0000-0000-0000-000000000001','00000000-0000-0000-0000-000000000001'),
('00000000-0000-0000-0000-00000000018b','316','00000000-0000-0000-0000-000000000001',19,18,'Row 15','00000000-0000-0000-0000-000000000001','00000000-0000-0000-0000-000000000001'),
('00000000-0000-0000-0000-00000000018c','317','00000000-0000-0000-0000-000000000001',20,18,'Row 15','00000000-0000-0000-0000-000000000001','00000000-0000-0000-0000-000000000001'),
('00000000-0000-0000-0000-00000000018d','318','00000000-0000-0000-0000-000000000001',21,18,'Row 15','00000000-0000-0000-0000-000000000001','00000000-0000-0000-0000-000000000001'),
('00000000-0000-0000-0000-00000000018e','319','00000000-0000-0000-0000-000000000001',22,18,'Row 15','00000000-0000-0000-0000-000000000001','00000000-0000-0000-0000-000000000001'),
('00000000-0000-0000-0000-00000000018f','320','00000000-0000-0000-0000-000000000001',23,18,'Row 15','00000000-0000-0000-0000-000000000001','00000000-0000-0000-0000-000000000001'),
('00000000-0000-0000-0000-000000000190','321','00000000-0000-0000-0000-000000000001',24,18,'Row 15','00000000-0000-0000-0000-000000000001','00000000-0000-0000-0000-000000000001'),
('00000000-0000-0000-0000-000000000191','322','00000000-0000-0000-0000-000000000001',25,18,'Row 15','00000000-0000-0000-0000-000000000001','00000000-0000-0000-0000-000000000001'),
('00000000-0000-0000-0000-000000000192','323','00000000-0000-0000-0000-000000000001',26,18,'Row 15','00000000-0000-0000-0000-000000000001','00000000-0000-0000-0000-000000000001'),
('00000000-0000-0000-0000-000000000193','343','00000000-0000-0000-0000-000000000001',3,19,'Row 16','00000000-0000-0000-0000-000000000001','00000000-0000-0000-0000-000000000001'),
('00000000-0000-0000-0000-000000000194','342','00000000-0000-0000-0000-000000000001',4,19,'Row 16','00000000-0000-0000-0000-000000000001','00000000-0000-0000-0000-000000000001'),
('00000000-0000-0000-0000-000000000195','341','00000000-0000-0000-0000-000000000001',5,19,'Row 16','00000000-0000-0000-0000-000000000001','00000000-0000-0000-0000-000000000001'),
('00000000-0000-0000-0000-000000000196','340','00000000-0000-0000-0000-000000000001',6,19,'Row 16','00000000-0000-0000-0000-000000000001','00000000-0000-0000-0000-000000000001'),
('00000000-0000-0000-0000-000000000197','339','00000000-0000-0000-0000-000000000001',7,19,'Row 16','00000000-0000-0000-0000-000000000001','00000000-0000-0000-0000-000000000001'),
('00000000-0000-0000-0000-000000000198','338','00000000-0000-0000-0000-000000000001',8,19,'Row 16','00000000-0000-0000-0000-000000000001','00000000-0000-0000-0000-000000000001'),
('00000000-0000-0000-0000-000000000199','337','00000000-0000-0000-0000-000000000001',9,19,'Row 16','00000000-0000-0000-0000-000000000001','00000000-0000-0000-0000-000000000001'),
('00000000-0000-0000-0000-00000000019a','336','00000000-0000-0000-0000-000000000001',10,19,'Row 16','00000000-0000-0000-0000-000000000001','00000000-0000-0000-0000-000000000001'),
('00000000-0000-0000-0000-00000000019b','335','00000000-0000-0000-0000-000000000001',11,19,'Row 16','00000000-0000-0000-0000-000000000001','00000000-0000-0000-0000-000000000001'),
('00000000-0000-0000-0000-00000000019c','334','00000000-0000-0000-0000-000000000001',12,19,'Row 16','00000000-0000-0000-0000-000000000001','00000000-0000-0000-0000-000000000001'),
('00000000-0000-0000-0000-00000000019d','333','00000000-0000-0000-0000-000000000001',17,19,'Row 16','00000000-0000-0000-0000-000000000001','00000000-0000-0000-0000-000000000001'),
('00000000-0000-0000-0000-00000000019e','332','00000000-0000-0000-0000-000000000001',18,19,'Row 16','00000000-0000-0000-0000-000000000001','00000000-0000-0000-0000-000000000001'),
('00000000-0000-0000-0000-00000000019f','331','00000000-0000-0000-0000-000000000001',19,19,'Row 16','00000000-0000-0000-0000-000000000001','00000000-0000-0000-0000-000000000001'),
('00000000-0000-0000-0000-0000000001a0','330','00000000-0000-0000-0000-000000000001',20,19,'Row 16','00000000-0000-0000-0000-000000000001','00000000-0000-0000-0000-000000000001'),
('00000000-0000-0000-0000-0000000001a1','329','00000000-0000-0000-0000-000000000001',21,19,'Row 16','00000000-0000-0000-0000-000000000001','00000000-0000-0000-0000-000000000001'),
('00000000-0000-0000-0000-0000000001a2','328','00000000-0000-0000-0000-000000000001',22,19,'Row 16','00000000-0000-0000-0000-000000000001','00000000-0000-0000-0000-000000000001'),
('00000000-0000-0000-0000-0000000001a3','327','00000000-0000-0000-0000-000000000001',23,19,'Row 16','00000000-0000-0000-0000-000000000001','00000000-0000-0000-0000-000000000001'),
('00000000-0000-0000-0000-0000000001a4','326','00000000-0000-0000-0000-000000000001',24,19,'Row 16','00000000-0000-0000-0000-000000000001','00000000-0000-0000-0000-000000000001'),
('00000000-0000-0000-0000-0000000001a5','325','00000000-0000-0000-0000-000000000001',25,19,'Row 16','00000000-0000-0000-0000-000000000001','00000000-0000-0000-0000-000000000001'),
('00000000-0000-0000-0000-0000000001a6','324','00000000-0000-0000-0000-000000000001',26,19,'Row 16','00000000-0000-0000-0000-000000000001','00000000-0000-0000-0000-000000000001'),
('00000000-0000-0000-0000-0000000001a7','344','00000000-0000-0000-0000-000000000001',17,20,'Row 17','00000000-0000-0000-0000-000000000001','00000000-0000-0000-0000-000000000001'),
('00000000-0000-0000-0000-0000000001a8','345','00000000-0000-0000-0000-000000000001',18,20,'Row 17','00000000-0000-0000-0000-000000000001','00000000-0000-0000-0000-000000000001'),
('00000000-0000-0000-0000-0000000001a9','346','00000000-0000-0000-0000-000000000001',19,20,'Row 17','00000000-0000-0000-0000-000000000001','00000000-0000-0000-0000-000000000001'),
('00000000-0000-0000-0000-0000000001aa','347','00000000-0000-0000-0000-000000000001',20,20,'Row 17','00000000-0000-0000-0000-000000000001','00000000-0000-0000-0000-000000000001'),
('00000000-0000-0000-0000-0000000001ab','348','00000000-0000-0000-0000-000000000001',21,20,'Row 17','00000000-0000-0000-0000-000000000001','00000000-0000-0000-0000-000000000001'),
('00000000-0000-0000-0000-0000000001ac','349','00000000-0000-0000-0000-000000000001',22,20,'Row 17','00000000-0000-0000-0000-000000000001','00000000-0000-0000-0000-000000000001'),
('00000000-0000-0000-0000-0000000001ad','350','00000000-0000-0000-0000-000000000001',23,20,'Row 17','00000000-0000-0000-0000-000000000001','00000000-0000-0000-0000-000000000001'),
('00000000-0000-0000-0000-0000000001ae','351','00000000-0000-0000-0000-000000000001',24,20,'Row 17','00000000-0000-0000-0000-000000000001','00000000-0000-0000-0000-000000000001'),
('00000000-0000-0000-0000-0000000001af','352','00000000-0000-0000-0000-000000000001',25,20,'Row 17','00000000-0000-0000-0000-000000000001','00000000-0000-0000-0000-000000000001'),
('00000000-0000-0000-0000-0000000001b0','353','00000000-0000-0000-0000-000000000001',26,20,'Row 17','00000000-0000-0000-0000-000000000001','00000000-0000-0000-0000-000000000001'),
('00000000-0000-0000-0000-0000000001b1','363','00000000-0000-0000-0000-000000000001',17,21,'Row 18','00000000-0000-0000-0000-000000000001','00000000-0000-0000-0000-000000000001'),
('00000000-0000-0000-0000-0000000001b2','362','00000000-0000-0000-0000-000000000001',18,21,'Row 18','00000000-0000-0000-0000-000000000001','00000000-0000-0000-0000-000000000001'),
('00000000-0000-0000-0000-0000000001b3','361','00000000-0000-0000-0000-000000000001',19,21,'Row 18','00000000-0000-0000-0000-000000000001','00000000-0000-0000-0000-000000000001'),
('00000000-0000-0000-0000-0000000001b4','360','00000000-0000-0000-0000-000000000001',20,21,'Row 18','00000000-0000-0000-0000-000000000001','00000000-0000-0000-0000-000000000001'),
('00000000-0000-0000-0000-0000000001b5','359','00000000-0000-0000-0000-000000000001',21,21,'Row 18','00000000-0000-0000-0000-000000000001','00000000-0000-0000-0000-000000000001'),
('00000000-0000-0000-0000-0000000001b6','358','00000000-0000-0000-0000-000000000001',22,21,'Row 18','00000000-0000-0000-0000-000000000001','00000000-0000-0000-0000-000000000001'),
('00000000-0000-0000-0000-0000000001b7','357','00000000-0000-0000-0000-000000000001',23,21,'Row 18','00000000-0000-0000-0000-000000000001','00000000-0000-0000-0000-000000000001'),
('00000000-0000-0000-0000-0000000001b8','356','00000000-0000-0000-0000-000000000001',24,21,'Row 18','00000000-0000-0000-0000-000000000001','00000000-0000-0000-0000-000000000001'),
('00000000-0000-0000-0000-0000000001b9','355','00000000-0000-0000-0000-000000000001',25,21,'Row 18','00000000-0000-0000-0000-000000000001','00000000-0000-0000-0000-000000000001'),
('00000000-0000-0000-0000-0000000001ba','354','00000000-0000-0000-0000-000000000001',26,21,'Row 18','00000000-0000-0000-0000-000000000001','00000000-0000-0000-0000-000000000001'),
('00000000-0000-0000-0000-0000000001bb','364','00000000-0000-0000-0000-000000000001',3,22,'Row 19','00000000-0000-0000-0000-000000000001','00000000-0000-0000-0000-000000000001'),
('00000000-0000-0000-0000-0000000001bc','365','00000000-0000-0000-0000-000000000001',4,22,'Row 19','00000000-0000-0000-0000-000000000001','00000000-0000-0000-0000-000000000001'),
('00000000-0000-0000-0000-0000000001bd','366','00000000-0000-0000-0000-000000000001',5,22,'Row 19','00000000-0000-0000-0000-000000000001','00000000-0000-0000-0000-000000000001'),
('00000000-0000-0000-0000-0000000001be','367','00000000-0000-0000-0000-000000000001',6,22,'Row 19','00000000-0000-0000-0000-000000000001','00000000-0000-0000-0000-000000000001'),
('00000000-0000-0000-0000-0000000001bf','368','00000000-0000-0000-0000-000000000001',7,22,'Row 19','00000000-0000-0000-0000-000000000001','00000000-0000-0000-0000-000000000001'),
('00000000-0000-0000-0000-0000000001c0','369','00000000-0000-0000-0000-000000000001',8,22,'Row 19','00000000-0000-0000-0000-000000000001','00000000-0000-0000-0000-000000000001'),
('00000000-0000-0000-0000-0000000001c1','370','00000000-0000-0000-0000-000000000001',9,22,'Row 19','00000000-0000-0000-0000-000000000001','00000000-0000-0000-0000-000000000001'),
('00000000-0000-0000-0000-0000000001c2','371','00000000-0000-0000-0000-000000000001',10,22,'Row 19','00000000-0000-0000-0000-000000000001','00000000-0000-0000-0000-000000000001'),
('00000000-0000-0000-0000-0000000001c3','372','00000000-0000-0000-0000-000000000001',11,22,'Row 19','00000000-0000-0000-0000-000000000001','00000000-0000-0000-0000-000000000001'),
('00000000-0000-0000-0000-0000000001c4','373','00000000-0000-0000-0000-000000000001',18,22,'Row 19','00000000-0000-0000-0000-000000000001','00000000-0000-0000-0000-000000000001'),
('00000000-0000-0000-0000-0000000001c5','374','00000000-0000-0000-0000-000000000001',19,22,'Row 19','00000000-0000-0000-0000-000000000001','00000000-0000-0000-0000-000000000001'),
('00000000-0000-0000-0000-0000000001c6','375','00000000-0000-0000-0000-000000000001',20,22,'Row 19','00000000-0000-0000-0000-000000000001','00000000-0000-0000-0000-000000000001'),
('00000000-0000-0000-0000-0000000001c7','376','00000000-0000-0000-0000-000000000001',21,22,'Row 19','00000000-0000-0000-0000-000000000001','00000000-0000-0000-0000-000000000001'),
('00000000-0000-0000-0000-0000000001c8','377','00000000-0000-0000-0000-000000000001',22,22,'Row 19','00000000-0000-0000-0000-000000000001','00000000-0000-0000-0000-000000000001'),
('00000000-0000-0000-0000-0000000001c9','378','00000000-0000-0000-0000-000000000001',23,22,'Row 19','00000000-0000-0000-0000-000000000001','00000000-0000-0000-0000-000000000001'),
('00000000-0000-0000-0000-0000000001ca','379','00000000-0000-0000-0000-000000000001',24,22,'Row 19','00000000-0000-0000-0000-000000000001','00000000-0000-0000-0000-000000000001'),
('00000000-0000-0000-0000-0000000001cb','380','00000000-0000-0000-0000-000000000001',25,22,'Row 19','00000000-0000-0000-0000-000000000001','00000000-0000-0000-0000-000000000001'),
('00000000-0000-0000-0000-0000000001cc','381','00000000-0000-0000-0000-000000000001',26,22,'Row 19','00000000-0000-0000-0000-000000000001','00000000-0000-0000-0000-000000000001'),
('00000000-0000-0000-0000-0000000001cd','399','00000000-0000-0000-0000-000000000001',3,23,'Row 20','00000000-0000-0000-0000-000000000001','00000000-0000-0000-0000-000000000001'),
('00000000-0000-0000-0000-0000000001ce','398','00000000-0000-0000-0000-000000000001',4,23,'Row 20','00000000-0000-0000-0000-000000000001','00000000-0000-0000-0000-000000000001'),
('00000000-0000-0000-0000-0000000001cf','397','00000000-0000-0000-0000-000000000001',5,23,'Row 20','00000000-0000-0000-0000-000000000001','00000000-0000-0000-0000-000000000001'),
('00000000-0000-0000-0000-0000000001d0','396','00000000-0000-0000-0000-000000000001',6,23,'Row 20','00000000-0000-0000-0000-000000000001','00000000-0000-0000-0000-000000000001'),
('00000000-0000-0000-0000-0000000001d1','395','00000000-0000-0000-0000-000000000001',7,23,'Row 20','00000000-0000-0000-0000-000000000001','00000000-0000-0000-0000-000000000001'),
('00000000-0000-0000-0000-0000000001d2','394','00000000-0000-0000-0000-000000000001',8,23,'Row 20','00000000-0000-0000-0000-000000000001','00000000-0000-0000-0000-000000000001'),
('00000000-0000-0000-0000-0000000001d3','393','00000000-0000-0000-0000-000000000001',9,23,'Row 20','00000000-0000-0000-0000-000000000001','00000000-0000-0000-0000-000000000001'),
('00000000-0000-0000-0000-0000000001d4','392','00000000-0000-0000-0000-000000000001',10,23,'Row 20','00000000-0000-0000-0000-000000000001','00000000-0000-0000-0000-000000000001'),
('00000000-0000-0000-0000-0000000001d5','391','00000000-0000-0000-0000-000000000001',11,23,'Row 20','00000000-0000-0000-0000-000000000001','00000000-0000-0000-0000-000000000001'),
('00000000-0000-0000-0000-0000000001d6','390','00000000-0000-0000-0000-000000000001',18,23,'Row 20','00000000-0000-0000-0000-000000000001','00000000-0000-0000-0000-000000000001'),
('00000000-0000-0000-0000-0000000001d7','389','00000000-0000-0000-0000-000000000001',19,23,'Row 20','00000000-0000-0000-0000-000000000001','00000000-0000-0000-0000-000000000001'),
('00000000-0000-0000-0000-0000000001d8','388','00000000-0000-0000-0000-000000000001',20,23,'Row 20','00000000-0000-0000-0000-000000000001','00000000-0000-0000-0000-000000000001'),
('00000000-0000-0000-0000-0000000001d9','387','00000000-0000-0000-0000-000000000001',21,23,'Row 20','00000000-0000-0000-0000-000000000001','00000000-0000-0000-0000-000000000001'),
('00000000-0000-0000-0000-0000000001da','386','00000000-0000-0000-0000-000000000001',22,23,'Row 20','00000000-0000-0000-0000-000000000001','00000000-0000-0000-0000-000000000001'),
('00000000-0000-0000-0000-0000000001db','385','00000000-0000-0000-0000-000000000001',23,23,'Row 20','00000000-0000-0000-0000-000000000001','00000000-0000-0000-0000-000000000001'),
('00000000-0000-0000-0000-0000000001dc','384','00000000-0000-0000-0000-000000000001',24,23,'Row 20','00000000-0000-0000-0000-000000000001','00000000-0000-0000-0000-000000000001'),
('00000000-0000-0000-0000-0000000001dd','383','00000000-0000-0000-0000-000000000001',25,23,'Row 20','00000000-0000-0000-0000-000000000001','00000000-0000-0000-0000-000000000001'),
('00000000-0000-0000-0000-0000000001de','382','00000000-0000-0000-0000-000000000001',26,23,'Row 20','00000000-0000-0000-0000-000000000001','00000000-0000-0000-0000-000000000001'),
('00000000-0000-0000-0000-0000000001df','400','00000000-0000-0000-0000-000000000001',3,24,'Row 21','00000000-0000-0000-0000-000000000001','00000000-0000-0000-0000-000000000001'),
('00000000-0000-0000-0000-0000000001e0','401','00000000-0000-0000-0000-000000000001',4,24,'Row 21','00000000-0000-0000-0000-000000000001','00000000-0000-0000-0000-000000000001'),
('00000000-0000-0000-0000-0000000001e1','402','00000000-0000-0000-0000-000000000001',5,24,'Row 21','00000000-0000-0000-0000-000000000001','00000000-0000-0000-0000-000000000001'),
('00000000-0000-0000-0000-0000000001e2','403','00000000-0000-0000-0000-000000000001',6,24,'Row 21','00000000-0000-0000-0000-000000000001','00000000-0000-0000-0000-000000000001'),
('00000000-0000-0000-0000-0000000001e3','404','00000000-0000-0000-0000-000000000001',7,24,'Row 21','00000000-0000-0000-0000-000000000001','00000000-0000-0000-0000-000000000001'),
('00000000-0000-0000-0000-0000000001e4','405','00000000-0000-0000-0000-000000000001',8,24,'Row 21','00000000-0000-0000-0000-000000000001','00000000-0000-0000-0000-000000000001'),
('00000000-0000-0000-0000-0000000001e5','406','00000000-0000-0000-0000-000000000001',9,24,'Row 21','00000000-0000-0000-0000-000000000001','00000000-0000-0000-0000-000000000001'),
('00000000-0000-0000-0000-0000000001e6','407','00000000-0000-0000-0000-000000000001',10,24,'Row 21','00000000-0000-0000-0000-000000000001','00000000-0000-0000-0000-000000000001'),
('00000000-0000-0000-0000-0000000001e7','408','00000000-0000-0000-0000-000000000001',11,24,'Row 21','00000000-0000-0000-0000-000000000001','00000000-0000-0000-0000-000000000001'),
('00000000-0000-0000-0000-0000000001e8','409','00000000-0000-0000-0000-000000000001',18,24,'Row 21','00000000-0000-0000-0000-000000000001','00000000-0000-0000-0000-000000000001'),
('00000000-0000-0000-0000-0000000001e9','410','00000000-0000-0000-0000-000000000001',19,24,'Row 21','00000000-0000-0000-0000-000000000001','00000000-0000-0000-0000-000000000001'),
('00000000-0000-0000-0000-0000000001ea','411','00000000-0000-0000-0000-000000000001',20,24,'Row 21','00000000-0000-0000-0000-000000000001','00000000-0000-0000-0000-000000000001'),
('00000000-0000-0000-0000-0000000001eb','412','00000000-0000-0000-0000-000000000001',21,24,'Row 21','00000000-0000-0000-0000-000000000001','00000000-0000-0000-0000-000000000001'),
('00000000-0000-0000-0000-0000000001ec','413','00000000-0000-0000-0000-000000000001',22,24,'Row 21','00000000-0000-0000-0000-000000000001','00000000-0000-0000-0000-000000000001'),
('00000000-0000-0000-0000-0000000001ed','414','00000000-0000-0000-0000-000000000001',23,24,'Row 21','00000000-0000-0000-0000-000000000001','00000000-0000-0000-0000-000000000001'),
('00000000-0000-0000-0000-0000000001ee','415','00000000-0000-0000-0000-000000000001',24,24,'Row 21','00000000-0000-0000-0000-000000000001','00000000-0000-0000-0000-000000000001'),
('00000000-0000-0000-0000-0000000001ef','416','00000000-0000-0000-0000-000000000001',25,24,'Row 21','00000000-0000-0000-0000-000000000001','00000000-0000-0000-0000-000000000001'),
('00000000-0000-0000-0000-0000000001f0','417','00000000-0000-0000-0000-000000000001',26,24,'Row 21','00000000-0000-0000-0000-000000000001','00000000-0000-0000-0000-000000000001'),
('00000000-0000-0000-0000-0000000001f1','435','00000000-0000-0000-0000-000000000001',3,25,'Row 22','00000000-0000-0000-0000-000000000001','00000000-0000-0000-0000-000000000001'),
('00000000-0000-0000-0000-0000000001f2','434','00000000-0000-0000-0000-000000000001',4,25,'Row 22','00000000-0000-0000-0000-000000000001','00000000-0000-0000-0000-000000000001'),
('00000000-0000-0000-0000-0000000001f3','433','00000000-0000-0000-0000-000000000001',5,25,'Row 22','00000000-0000-0000-0000-000000000001','00000000-0000-0000-0000-000000000001'),
('00000000-0000-0000-0000-0000000001f4','432','00000000-0000-0000-0000-000000000001',6,25,'Row 22','00000000-0000-0000-0000-000000000001','00000000-0000-0000-0000-000000000001'),
('00000000-0000-0000-0000-0000000001f5','431','00000000-0000-0000-0000-000000000001',7,25,'Row 22','00000000-0000-0000-0000-000000000001','00000000-0000-0000-0000-000000000001'),
('00000000-0000-0000-0000-0000000001f6','430','00000000-0000-0000-0000-000000000001',8,25,'Row 22','00000000-0000-0000-0000-000000000001','00000000-0000-0000-0000-000000000001'),
('00000000-0000-0000-0000-0000000001f7','429','00000000-0000-0000-0000-000000000001',9,25,'Row 22','00000000-0000-0000-0000-000000000001','00000000-0000-0000-0000-000000000001'),
('00000000-0000-0000-0000-0000000001f8','428','00000000-0000-0000-0000-000000000001',10,25,'Row 22','00000000-0000-0000-0000-000000000001','00000000-0000-0000-0000-000000000001'),
('00000000-0000-0000-0000-0000000001f9','427','00000000-0000-0000-0000-000000000001',11,25,'Row 22','00000000-0000-0000-0000-000000000001','00000000-0000-0000-0000-000000000001'),
('00000000-0000-0000-0000-0000000001fa','426','00000000-0000-0000-0000-000000000001',18,25,'Row 22','00000000-0000-0000-0000-000000000001','00000000-0000-0000-0000-000000000001'),
('00000000-0000-0000-0000-0000000001fb','425','00000000-0000-0000-0000-000000000001',19,25,'Row 22','00000000-0000-0000-0000-000000000001','00000000-0000-0000-0000-000000000001'),
('00000000-0000-0000-0000-0000000001fc','424','00000000-0000-0000-0000-000000000001',20,25,'Row 22','00000000-0000-0000-0000-000000000001','00000000-0000-0000-0000-000000000001'),
('00000000-0000-0000-0000-0000000001fd','423','00000000-0000-0000-0000-000000000001',21,25,'Row 22','00000000-0000-0000-0000-000000000001','00000000-0000-0000-0000-000000000001'),
('00000000-0000-0000-0000-0000000001fe','422','00000000-0000-0000-0000-000000000001',22,25,'Row 22','00000000-0000-0000-0000-000000000001','00000000-0000-0000-0000-000000000001'),
('00000000-0000-0000-0000-0000000001ff','421','00000000-0000-0000-0000-000000000001',23,25,'Row 22','00000000-0000-0000-0000-000000000001','00000000-0000-0000-0000-000000000001'),
('00000000-0000-0000-0000-000000000200','420','00000000-0000-0000-0000-000000000001',24,25,'Row 22','00000000-0000-0000-0000-000000000001','00000000-0000-0000-0000-000000000001'),
('00000000-0000-0000-0000-000000000201','419','00000000-0000-0000-0000-000000000001',25,25,'Row 22','00000000-0000-0000-0000-000000000001','00000000-0000-0000-0000-000000000001'),
('00000000-0000-0000-0000-000000000202','418','00000000-0000-0000-0000-000000000001',26,25,'Row 22','00000000-0000-0000-0000-000000000001','00000000-0000-0000-0000-000000000001'),
('00000000-0000-0000-0000-000000000203','515','00000000-0000-0000-0000-000000000001',1,29,'Balcony 1','00000000-0000-0000-0000-000000000001','00000000-0000-0000-0000-000000000002'),
('00000000-0000-0000-0000-000000000204','516','00000000-0000-0000-0000-000000000001',2,29,'Balcony 1','00000000-0000-0000-0000-000000000001','00000000-0000-0000-0000-000000000002'),
('00000000-0000-0000-0000-000000000205','517','00000000-0000-0000-0000-000000000001',3,29,'Balcony 1','00000000-0000-0000-0000-000000000001','00000000-0000-0000-0000-000000000002'),
('00000000-0000-0000-0000-000000000206','518','00000000-0000-0000-0000-000000000001',4,29,'Balcony 1','00000000-0000-0000-0000-000000000001','00000000-0000-0000-0000-000000000002'),
('00000000-0000-0000-0000-000000000207','519','00000000-0000-0000-0000-000000000001',5,29,'Balcony 1','00000000-0000-0000-0000-000000000001','00000000-0000-0000-0000-000000000002'),
('00000000-0000-0000-0000-000000000208','520','00000000-0000-0000-0000-000000000001',6,29,'Balcony 1','00000000-0000-0000-0000-000000000001','00000000-0000-0000-0000-000000000002'),
('00000000-0000-0000-0000-000000000209','521','00000000-0000-0000-0000-000000000001',7,29,'Balcony 1','00000000-0000-0000-0000-000000000001','00000000-0000-0000-0000-000000000002'),
('00000000-0000-0000-0000-00000000020a','522','00000000-0000-0000-0000-000000000001',8,29,'Balcony 1','00000000-0000-0000-0000-000000000001','00000000-0000-0000-0000-000000000002'),
('00000000-0000-0000-0000-00000000020b','523','00000000-0000-0000-0000-000000000001',9,29,'Balcony 1','00000000-0000-0000-0000-000000000001','00000000-0000-0000-0000-000000000002'),
('00000000-0000-0000-0000-00000000020c','524','00000000-0000-0000-0000-000000000001',10,29,'Balcony 1','00000000-0000-0000-0000-000000000001','00000000-0000-0000-0000-000000000002'),
('00000000-0000-0000-0000-00000000020d','525','00000000-0000-0000-0000-000000000001',11,29,'Balcony 1','00000000-0000-0000-0000-000000000001','00000000-0000-0000-0000-000000000002'),
('00000000-0000-0000-0000-00000000020e','536','00000000-0000-0000-0000-000000000001',15,30,'Balcony 2','00000000-0000-0000-0000-000000000001','00000000-0000-0000-0000-000000000002'),
('00000000-0000-0000-0000-00000000020f','535','00000000-0000-0000-0000-000000000001',16,30,'Balcony 2','00000000-0000-0000-0000-000000000001','00000000-0000-0000-0000-000000000002'),
('00000000-0000-0000-0000-000000000210','534','00000000-0000-0000-0000-000000000001',17,30,'Balcony 2','00000000-0000-0000-0000-000000000001','00000000-0000-0000-0000-000000000002'),
('00000000-0000-0000-0000-000000000211','533','00000000-0000-0000-0000-000000000001',18,30,'Balcony 2','00000000-0000-0000-0000-000000000001','00000000-0000-0000-0000-000000000002'),
('00000000-0000-0000-0000-000000000212','532','00000000-0000-0000-0000-000000000001',19,30,'Balcony 2','00000000-0000-0000-0000-000000000001','00000000-0000-0000-0000-000000000002'),
('00000000-0000-0000-0000-000000000213','531','00000000-0000-0000-0000-000000000001',20,30,'Balcony 2','00000000-0000-0000-0000-000000000001','00000000-0000-0000-0000-000000000002'),
('00000000-0000-0000-0000-000000000214','530','00000000-0000-0000-0000-000000000001',21,30,'Balcony 2','00000000-0000-0000-0000-000000000001','00000000-0000-0000-0000-000000000002'),
('00000000-0000-0000-0000-000000000215','529','00000000-0000-0000-0000-000000000001',22,30,'Balcony 2','00000000-0000-0000-0000-000000000001','00000000-0000-0000-0000-000000000002'),
('00000000-0000-0000-0000-000000000216','528','00000000-0000-0000-0000-000000000001',23,30,'Balcony 2','00000000-0000-0000-0000-000000000001','00000000-0000-0000-0000-000000000002'),
('00000000-0000-0000-0000-000000000217','527','00000000-0000-0000-0000-000000000001',24,30,'Balcony 2','00000000-0000-0000-0000-000000000001','00000000-0000-0000-0000-000000000002'),
('00000000-0000-0000-0000-000000000218','526','00000000-0000-0000-0000-000000000001',25,30,'Balcony 2','00000000-0000-0000-0000-000000000001','00000000-0000-0000-0000-000000000002'),
('00000000-0000-0000-0000-000000000219','547','00000000-0000-0000-0000-000000000001',1,30,'Balcony 2','00000000-0000-0000-0000-000000000001','00000000-0000-0000-0000-000000000002'),
('00000000-0000-0000-0000-00000000021a','546','00000000-0000-0000-0000-000000000001',2,30,'Balcony 2','00000000-0000-0000-0000-000000000001','00000000-0000-0000-0000-000000000002'),
('00000000-0000-0000-0000-00000000021b','545','00000000-0000-0000-0000-000000000001',3,30,'Balcony 2','00000000-0000-0000-0000-000000000001','00000000-0000-0000-0000-000000000002'),
('00000000-0000-0000-0000-00000000021c','544','00000000-0000-0000-0000-000000000001',4,30,'Balcony 2','00000000-0000-0000-0000-000000000001','00000000-0000-0000-0000-000000000002'),
('00000000-0000-0000-0000-00000000021d','543','00000000-0000-0000-0000-000000000001',5,30,'Balcony 2','00000000-0000-0000-0000-000000000001','00000000-0000-0000-0000-000000000002'),
('00000000-0000-0000-0000-00000000021e','542','00000000-0000-0000-0000-000000000001',6,30,'Balcony 2','00000000-0000-0000-0000-000000000001','00000000-0000-0000-0000-000000000002'),
('00000000-0000-0000-0000-00000000021f','541','00000000-0000-0000-0000-000000000001',7,30,'Balcony 2','00000000-0000-0000-0000-000000000001','00000000-0000-0000-0000-000000000002'),
('00000000-0000-0000-0000-000000000220','540','00000000-0000-0000-0000-000000000001',8,30,'Balcony 2','00000000-0000-0000-0000-000000000001','00000000-0000-0000-0000-000000000002'),
('00000000-0000-0000-0000-000000000221','539','00000000-0000-0000-0000-000000000001',9,30,'Balcony 2','00000000-0000-0000-0000-000000000001','00000000-0000-0000-0000-000000000002'),
('00000000-0000-0000-0000-000000000222','538','00000000-0000-0000-0000-000000000001',10,30,'Balcony 2','00000000-0000-0000-0000-000000000001','00000000-0000-0000-0000-000000000002'),
('00000000-0000-0000-0000-000000000223','537','00000000-0000-0000-0000-000000000001',11,30,'Balcony 2','00000000-0000-0000-0000-000000000001','00000000-0000-0000-0000-000000000002'),
('00000000-0000-0000-0000-000000000224','558','00000000-0000-0000-0000-000000000001',15,31,'Balcony 3','00000000-0000-0000-0000-000000000001','00000000-0000-0000-0000-000000000002'),
('00000000-0000-0000-0000-000000000225','559','00000000-0000-0000-0000-000000000001',16,31,'Balcony 3','00000000-0000-0000-0000-000000000001','00000000-0000-0000-0000-000000000002'),
('00000000-0000-0000-0000-000000000226','560','00000000-0000-0000-0000-000000000001',17,31,'Balcony 3','00000000-0000-0000-0000-000000000001','00000000-0000-0000-0000-000000000002'),
('00000000-0000-0000-0000-000000000227','561','00000000-0000-0000-0000-000000000001',18,31,'Balcony 3','00000000-0000-0000-0000-000000000001','00000000-0000-0000-0000-000000000002'),
('00000000-0000-0000-0000-000000000228','562','00000000-0000-0000-0000-000000000001',19,31,'Balcony 3','00000000-0000-0000-0000-000000000001','00000000-0000-0000-0000-000000000002'),
('00000000-0000-0000-0000-000000000229','563','00000000-0000-0000-0000-000000000001',20,31,'Balcony 3','00000000-0000-0000-0000-000000000001','00000000-0000-0000-0000-000000000002'),
('00000000-0000-0000-0000-00000000022a','564','00000000-0000-0000-0000-000000000001',21,31,'Balcony 3','00000000-0000-0000-0000-000000000001','00000000-0000-0000-0000-000000000002'),
('00000000-0000-0000-0000-00000000022b','565','00000000-0000-0000-0000-000000000001',22,31,'Balcony 3','00000000-0000-0000-0000-000000000001','00000000-0000-0000-0000-000000000002'),
('00000000-0000-0000-0000-00000000022c','566','00000000-0000-0000-0000-000000000001',23,31,'Balcony 3','00000000-0000-0000-0000-000000000001','00000000-0000-0000-0000-000000000002'),
('00000000-0000-0000-0000-00000000022d','567','00000000-0000-0000-0000-000000000001',24,31,'Balcony 3','00000000-0000-0000-0000-000000000001','00000000-0000-0000-0000-000000000002'),
('00000000-0000-0000-0000-00000000022e','568','00000000-0000-0000-0000-000000000001',25,31,'Balcony 3','00000000-0000-0000-0000-000000000001','00000000-0000-0000-0000-000000000002'),
('00000000-0000-0000-0000-00000000022f','569','00000000-0000-0000-0000-000000000001',26,31,'Balcony 3','00000000-0000-0000-0000-000000000001','00000000-0000-0000-0000-000000000002'),
('00000000-0000-0000-0000-000000000230','548','00000000-0000-0000-0000-000000000001',1,31,'Balcony 3','00000000-0000-0000-0000-000000000001','00000000-0000-0000-0000-000000000002'),
('00000000-0000-0000-0000-000000000231','549','00000000-0000-0000-0000-000000000001',2,31,'Balcony 3','00000000-0000-0000-0000-000000000001','00000000-0000-0000-0000-000000000002'),
('00000000-0000-0000-0000-000000000232','550','00000000-0000-0000-0000-000000000001',3,31,'Balcony 3','00000000-0000-0000-0000-000000000001','00000000-0000-0000-0000-000000000002'),
('00000000-0000-0000-0000-000000000233','551','00000000-0000-0000-0000-000000000001',4,31,'Balcony 3','00000000-0000-0000-0000-000000000001','00000000-0000-0000-0000-000000000002'),
('00000000-0000-0000-0000-000000000234','552','00000000-0000-0000-0000-000000000001',5,31,'Balcony 3','00000000-0000-0000-0000-000000000001','00000000-0000-0000-0000-000000000002'),
('00000000-0000-0000-0000-000000000235','553','00000000-0000-0000-0000-000000000001',6,31,'Balcony 3','00000000-0000-0000-0000-000000000001','00000000-0000-0000-0000-000000000002'),
('00000000-0000-0000-0000-000000000236','554','00000000-0000-0000-0000-000000000001',7,31,'Balcony 3','00000000-0000-0000-0000-000000000001','00000000-0000-0000-0000-000000000002'),
('00000000-0000-0000-0000-000000000237','555','00000000-0000-0000-0000-000000000001',8,31,'Balcony 3','00000000-0000-0000-0000-000000000001','00000000-0000-0000-0000-000000000002'),
('00000000-0000-0000-0000-000000000238','556','00000000-0000-0000-0000-000000000001',9,31,'Balcony 3','00000000-0000-0000-0000-000000000001','00000000-0000-0000-0000-000000000002'),
('00000000-0000-0000-0000-000000000239','557','00000000-0000-0000-0000-000000000001',10,31,'Balcony 3','00000000-0000-0000-0000-000000000001','00000000-0000-0000-0000-000000000002'),
('00000000-0000-0000-0000-00000000023a','580','00000000-0000-0000-0000-000000000001',15,32,'Balcony 4','00000000-0000-0000-0000-000000000001','00000000-0000-0000-0000-000000000002'),
('00000000-0000-0000-0000-00000000023b','579','00000000-0000-0000-0000-000000000001',16,32,'Balcony 4','00000000-0000-0000-0000-000000000001','00000000-0000-0000-0000-000000000002'),
('00000000-0000-0000-0000-00000000023c','578','00000000-0000-0000-0000-000000000001',17,32,'Balcony 4','00000000-0000-0000-0000-000000000001','00000000-0000-0000-0000-000000000002'),
('00000000-0000-0000-0000-00000000023d','577','00000000-0000-0000-0000-000000000001',18,32,'Balcony 4','00000000-0000-0000-0000-000000000001','00000000-0000-0000-0000-000000000002'),
('00000000-0000-0000-0000-00000000023e','576','00000000-0000-0000-0000-000000000001',19,32,'Balcony 4','00000000-0000-0000-0000-000000000001','00000000-0000-0000-0000-000000000002'),
('00000000-0000-0000-0000-00000000023f','575','00000000-0000-0000-0000-000000000001',20,32,'Balcony 4','00000000-0000-0000-0000-000000000001','00000000-0000-0000-0000-000000000002'),
('00000000-0000-0000-0000-000000000240','574','00000000-0000-0000-0000-000000000001',21,32,'Balcony 4','00000000-0000-0000-0000-000000000001','00000000-0000-0000-0000-000000000002'),
('00000000-0000-0000-0000-000000000241','573','00000000-0000-0000-0000-000000000001',22,32,'Balcony 4','00000000-0000-0000-0000-000000000001','00000000-0000-0000-0000-000000000002'),
('00000000-0000-0000-0000-000000000242','572','00000000-0000-0000-0000-000000000001',23,32,'Balcony 4','00000000-0000-0000-0000-000000000001','00000000-0000-0000-0000-000000000002'),
('00000000-0000-0000-0000-000000000243','571','00000000-0000-0000-0000-000000000001',24,32,'Balcony 4','00000000-0000-0000-0000-000000000001','00000000-0000-0000-0000-000000000002'),
('00000000-0000-0000-0000-000000000244','570','00000000-0000-0000-0000-000000000001',25,32,'Balcony 4','00000000-0000-0000-0000-000000000001','00000000-0000-0000-0000-000000000002'),
('00000000-0000-0000-0000-000000000245','590','00000000-0000-0000-0000-000000000001',1,32,'Balcony 4','00000000-0000-0000-0000-000000000001','00000000-0000-0000-0000-000000000002'),
('00000000-0000-0000-0000-000000000246','589','00000000-0000-0000-0000-000000000001',2,32,'Balcony 4','00000000-0000-0000-0000-000000000001','00000000-0000-0000-0000-000000000002'),
('00000000-0000-0000-0000-000000000247','588','00000000-0000-0000-0000-000000000001',3,32,'Balcony 4','00000000-0000-0000-0000-000000000001','00000000-0000-0000-0000-000000000002'),
('00000000-0000-0000-0000-000000000248','587','00000000-0000-0000-0000-000000000001',4,32,'Balcony 4','00000000-0000-0000-0000-000000000001','00000000-0000-0000-0000-000000000002'),
('00000000-0000-0000-0000-000000000249','586','00000000-0000-0000-0000-000000000001',5,32,'Balcony 4','00000000-0000-0000-0000-000000000001','00000000-0000-0000-0000-000000000002'),
('00000000-0000-0000-0000-00000000024a','585','00000000-0000-0000-0000-000000000001',6,32,'Balcony 4','00000000-0000-0000-0000-000000000001','00000000-0000-0000-0000-000000000002'),
('00000000-0000-0000-0000-00000000024b','584','00000000-0000-0000-0000-000000000001',7,32,'Balcony 4','00000000-0000-0000-0000-000000000001','00000000-0000-0000-0000-000000000002'),
('00000000-0000-0000-0000-00000000024c','583','00000000-0000-0000-0000-000000000001',8,32,'Balcony 4','00000000-0000-0000-0000-000000000001','00000000-0000-0000-0000-000000000002'),
('00000000-0000-0000-0000-00000000024d','582','00000000-0000-0000-0000-000000000001',9,32,'Balcony 4','00000000-0000-0000-0000-000000000001','00000000-0000-0000-0000-000000000002'),
('00000000-0000-0000-0000-00000000024e','581','00000000-0000-0000-0000-000000000001',10,32,'Balcony 4','00000000-0000-0000-0000-000000000001','00000000-0000-0000-0000-000000000002'),
('00000000-0000-0000-0000-00000000024f','603','00000000-0000-0000-0000-000000000001',15,33,'Balcony 5','00000000-0000-0000-0000-000000000001','00000000-0000-0000-0000-000000000002'),
('00000000-0000-0000-0000-000000000250','604','00000000-0000-0000-0000-000000000001',16,33,'Balcony 5','00000000-0000-0000-0000-000000000001','00000000-0000-0000-0000-000000000002'),
('00000000-0000-0000-0000-000000000251','605','00000000-0000-0000-0000-000000000001',17,33,'Balcony 5','00000000-0000-0000-0000-000000000001','00000000-0000-0000-0000-000000000002'),
('00000000-0000-0000-0000-000000000252','606','00000000-0000-0000-0000-000000000001',18,33,'Balcony 5','00000000-0000-0000-0000-000000000001','00000000-0000-0000-0000-000000000002'),
('00000000-0000-0000-0000-000000000253','607','00000000-0000-0000-0000-000000000001',19,33,'Balcony 5','00000000-0000-0000-0000-000000000001','00000000-0000-0000-0000-000000000002'),
('00000000-0000-0000-0000-000000000254','608','00000000-0000-0000-0000-000000000001',20,33,'Balcony 5','00000000-0000-0000-0000-000000000001','00000000-0000-0000-0000-000000000002'),
('00000000-0000-0000-0000-000000000255','609','00000000-0000-0000-0000-000000000001',21,33,'Balcony 5','00000000-0000-0000-0000-000000000001','00000000-0000-0000-0000-000000000002'),
('00000000-0000-0000-0000-000000000256','610','00000000-0000-0000-0000-000000000001',22,33,'Balcony 5','00000000-0000-0000-0000-000000000001','00000000-0000-0000-0000-000000000002'),
('00000000-0000-0000-0000-000000000257','611','00000000-0000-0000-0000-000000000001',23,33,'Balcony 5','00000000-0000-0000-0000-000000000001','00000000-0000-0000-0000-000000000002'),
('00000000-0000-0000-0000-000000000258','612','00000000-0000-0000-0000-000000000001',24,33,'Balcony 5','00000000-0000-0000-0000-000000000001','00000000-0000-0000-0000-000000000002'),
('00000000-0000-0000-0000-000000000259','613','00000000-0000-0000-0000-000000000001',25,33,'Balcony 5','00000000-0000-0000-0000-000000000001','00000000-0000-0000-0000-000000000002'),
('00000000-0000-0000-0000-00000000025a','614','00000000-0000-0000-0000-000000000001',26,33,'Balcony 5','00000000-0000-0000-0000-000000000001','00000000-0000-0000-0000-000000000002'),
('00000000-0000-0000-0000-00000000025b','591','00000000-0000-0000-0000-000000000001',1,33,'Balcony 5','00000000-0000-0000-0000-000000000001','00000000-0000-0000-0000-000000000002'),
('00000000-0000-0000-0000-00000000025c','592','00000000-0000-0000-0000-000000000001',2,33,'Balcony 5','00000000-0000-0000-0000-000000000001','00000000-0000-0000-0000-000000000002'),
('00000000-0000-0000-0000-00000000025d','593','00000000-0000-0000-0000-000000000001',3,33,'Balcony 5','00000000-0000-0000-0000-000000000001','00000000-0000-0000-0000-000000000002'),
('00000000-0000-0000-0000-00000000025e','594','00000000-0000-0000-0000-000000000001',4,33,'Balcony 5','00000000-0000-0000-0000-000000000001','00000000-0000-0000-0000-000000000002'),
('00000000-0000-0000-0000-00000000025f','595','00000000-0000-0000-0000-000000000001',5,33,'Balcony 5','00000000-0000-0000-0000-000000000001','00000000-0000-0000-0000-000000000002'),
('00000000-0000-0000-0000-000000000260','596','00000000-0000-0000-0000-000000000001',6,33,'Balcony 5','00000000-0000-0000-0000-000000000001','00000000-0000-0000-0000-000000000002'),
('00000000-0000-0000-0000-000000000261','597','00000000-0000-0000-0000-000000000001',7,33,'Balcony 5','00000000-0000-0000-0000-000000000001','00000000-0000-0000-0000-000000000002'),
('00000000-0000-0000-0000-000000000262','598','00000000-0000-0000-0000-000000000001',8,33,'Balcony 5','00000000-0000-0000-0000-000000000001','00000000-0000-0000-0000-000000000002'),
('00000000-0000-0000-0000-000000000263','599','00000000-0000-0000-0000-000000000001',9,33,'Balcony 5','00000000-0000-0000-0000-000000000001','00000000-0000-0000-0000-000000000002'),
('00000000-0000-0000-0000-000000000264','600','00000000-0000-0000-0000-000000000001',10,33,'Balcony 5','00000000-0000-0000-0000-000000000001','00000000-0000-0000-0000-000000000002'),
('00000000-0000-0000-0000-000000000265','601','00000000-0000-0000-0000-000000000001',11,33,'Balcony 5','00000000-0000-0000-0000-000000000001','00000000-0000-0000-0000-000000000002'),
('00000000-0000-0000-0000-000000000266','602','00000000-0000-0000-0000-000000000001',12,33,'Balcony 5','00000000-0000-0000-0000-000000000001','00000000-0000-0000-0000-000000000002'),
('00000000-0000-0000-0000-000000000267','625','00000000-0000-0000-0000-000000000001',15,34,'Balcony 6','00000000-0000-0000-0000-000000000001','00000000-0000-0000-0000-000000000002'),
('00000000-0000-0000-0000-000000000268','624','00000000-0000-0000-0000-000000000001',16,34,'Balcony 6','00000000-0000-0000-0000-000000000001','00000000-0000-0000-0000-000000000002'),
('00000000-0000-0000-0000-000000000269','623','00000000-0000-0000-0000-000000000001',17,34,'Balcony 6','00000000-0000-0000-0000-000000000001','00000000-0000-0000-0000-000000000002'),
('00000000-0000-0000-0000-00000000026a','622','00000000-0000-0000-0000-000000000001',18,34,'Balcony 6','00000000-0000-0000-0000-000000000001','00000000-0000-0000-0000-000000000002'),
('00000000-0000-0000-0000-00000000026b','621','00000000-0000-0000-0000-000000000001',19,34,'Balcony 6','00000000-0000-0000-0000-000000000001','00000000-0000-0000-0000-000000000002'),
('00000000-0000-0000-0000-00000000026c','620','00000000-0000-0000-0000-000000000001',20,34,'Balcony 6','00000000-0000-0000-0000-000000000001','00000000-0000-0000-0000-000000000002'),
('00000000-0000-0000-0000-00000000026d','619','00000000-0000-0000-0000-000000000001',21,34,'Balcony 6','00000000-0000-0000-0000-000000000001','00000000-0000-0000-0000-000000000002'),
('00000000-0000-0000-0000-00000000026e','618','00000000-0000-0000-0000-000000000001',22,34,'Balcony 6','00000000-0000-0000-0000-000000000001','00000000-0000-0000-0000-000000000002'),
('00000000-0000-0000-0000-00000000026f','617','00000000-0000-0000-0000-000000000001',23,34,'Balcony 6','00000000-0000-0000-0000-000000000001','00000000-0000-0000-0000-000000000002'),
('00000000-0000-0000-0000-000000000270','616','00000000-0000-0000-0000-000000000001',24,34,'Balcony 6','00000000-0000-0000-0000-000000000001','00000000-0000-0000-0000-000000000002'),
('00000000-0000-0000-0000-000000000271','615','00000000-0000-0000-0000-000000000001',25,34,'Balcony 6','00000000-0000-0000-0000-000000000001','00000000-0000-0000-0000-000000000002'),
('00000000-0000-0000-0000-000000000272','636','00000000-0000-0000-0000-000000000001',1,35,'Balcony 7','00000000-0000-0000-0000-000000000001','00000000-0000-0000-0000-000000000002'),
('00000000-0000-0000-0000-000000000273','635','00000000-0000-0000-0000-000000000001',2,35,'Balcony 7','00000000-0000-0000-0000-000000000001','00000000-0000-0000-0000-000000000002'),
('00000000-0000-0000-0000-000000000274','634','00000000-0000-0000-0000-000000000001',3,35,'Balcony 7','00000000-0000-0000-0000-000000000001','00000000-0000-0000-0000-000000000002'),
('00000000-0000-0000-0000-000000000275','633','00000000-0000-0000-0000-000000000001',4,35,'Balcony 7','00000000-0000-0000-0000-000000000001','00000000-0000-0000-0000-000000000002'),
('00000000-0000-0000-0000-000000000276','632','00000000-0000-0000-0000-000000000001',5,35,'Balcony 7','00000000-0000-0000-0000-000000000001','00000000-0000-0000-0000-000000000002'),
('00000000-0000-0000-0000-000000000277','631','00000000-0000-0000-0000-000000000001',6,35,'Balcony 7','00000000-0000-0000-0000-000000000001','00000000-0000-0000-0000-000000000002'),
('00000000-0000-0000-0000-000000000278','630','00000000-0000-0000-0000-000000000001',7,35,'Balcony 7','00000000-0000-0000-0000-000000000001','00000000-0000-0000-0000-000000000002'),
('00000000-0000-0000-0000-000000000279','629','00000000-0000-0000-0000-000000000001',8,35,'Balcony 7','00000000-0000-0000-0000-000000000001','00000000-0000-0000-0000-000000000002'),
('00000000-0000-0000-0000-00000000027a','628','00000000-0000-0000-0000-000000000001',9,35,'Balcony 7','00000000-0000-0000-0000-000000000001','00000000-0000-0000-0000-000000000002'),
('00000000-0000-0000-0000-00000000027b','627','00000000-0000-0000-0000-000000000001',10,35,'Balcony 7','00000000-0000-0000-0000-000000000001','00000000-0000-0000-0000-000000000002'),
('00000000-0000-0000-0000-00000000027c','626','00000000-0000-0000-0000-000000000001',11,35,'Balcony 7','00000000-0000-0000-0000-000000000001','00000000-0000-0000-0000-000000000002'),
('00000000-0000-0000-0000-00000000027d','648','00000000-0000-0000-0000-000000000001',15,35,'Balcony 7','00000000-0000-0000-0000-000000000001','00000000-0000-0000-0000-000000000002'),
('00000000-0000-0000-0000-00000000027e','649','00000000-0000-0000-0000-000000000001',16,35,'Balcony 7','00000000-0000-0000-0000-000000000001','00000000-0000-0000-0000-000000000002'),
('00000000-0000-0000-0000-00000000027f','650','00000000-0000-0000-0000-000000000001',17,35,'Balcony 7','00000000-0000-0000-0000-000000000001','00000000-0000-0000-0000-000000000002'),
('00000000-0000-0000-0000-000000000280','651','00000000-0000-0000-0000-000000000001',18,35,'Balcony 7','00000000-0000-0000-0000-000000000001','00000000-0000-0000-0000-000000000002'),
('00000000-0000-0000-0000-000000000281','652','00000000-0000-0000-0000-000000000001',19,35,'Balcony 7','00000000-0000-0000-0000-000000000001','00000000-0000-0000-0000-000000000002'),
('00000000-0000-0000-0000-000000000282','653','00000000-0000-0000-0000-000000000001',20,35,'Balcony 7','00000000-0000-0000-0000-000000000001','00000000-0000-0000-0000-000000000002'),
('00000000-0000-0000-0000-000000000283','654','00000000-0000-0000-0000-000000000001',21,35,'Balcony 7','00000000-0000-0000-0000-000000000001','00000000-0000-0000-0000-000000000002'),
('00000000-0000-0000-0000-000000000284','655','00000000-0000-0000-0000-000000000001',22,35,'Balcony 7','00000000-0000-0000-0000-000000000001','00000000-0000-0000-0000-000000000002'),
('00000000-0000-0000-0000-000000000285','656','00000000-0000-0000-0000-000000000001',23,35,'Balcony 7','00000000-0000-0000-0000-000000000001','00000000-0000-0000-0000-000000000002'),
('00000000-0000-0000-0000-000000000286','657','00000000-0000-0000-0000-000000000001',24,35,'Balcony 7','00000000-0000-0000-0000-000000000001','00000000-0000-0000-0000-000000000002'),
('00000000-0000-0000-0000-000000000287','658','00000000-0000-0000-0000-000000000001',25,35,'Balcony 7','00000000-0000-0000-0000-000000000001','00000000-0000-0000-0000-000000000002'),
('00000000-0000-0000-0000-000000000288','659','00000000-0000-0000-0000-000000000001',26,35,'Balcony 7','00000000-0000-0000-0000-000000000001','00000000-0000-0000-0000-000000000002'),
('00000000-0000-0000-0000-000000000289','637','00000000-0000-0000-0000-000000000001',1,36,'Balcony 8','00000000-0000-0000-0000-000000000001','00000000-0000-0000-0000-000000000002'),
('00000000-0000-0000-0000-00000000028a','638','00000000-0000-0000-0000-000000000001',2,36,'Balcony 8','00000000-0000-0000-0000-000000000001','00000000-0000-0000-0000-000000000002'),
('00000000-0000-0000-0000-00000000028b','639','00000000-0000-0000-0000-000000000001',3,36,'Balcony 8','00000000-0000-0000-0000-000000000001','00000000-0000-0000-0000-000000000002'),
('00000000-0000-0000-0000-00000000028c','640','00000000-0000-0000-0000-000000000001',4,36,'Balcony 8','00000000-0000-0000-0000-000000000001','00000000-0000-0000-0000-000000000002'),
('00000000-0000-0000-0000-00000000028d','641','00000000-0000-0000-0000-000000000001',5,36,'Balcony 8','00000000-0000-0000-0000-000000000001','00000000-0000-0000-0000-000000000002'),
('00000000-0000-0000-0000-00000000028e','642','00000000-0000-0000-0000-000000000001',6,36,'Balcony 8','00000000-0000-0000-0000-000000000001','00000000-0000-0000-0000-000000000002'),
('00000000-0000-0000-0000-00000000028f','643','00000000-0000-0000-0000-000000000001',7,36,'Balcony 8','00000000-0000-0000-0000-000000000001','00000000-0000-0000-0000-000000000002'),
('00000000-0000-0000-0000-000000000290','644','00000000-0000-0000-0000-000000000001',8,36,'Balcony 8','00000000-0000-0000-0000-000000000001','00000000-0000-0000-0000-000000000002'),
('00000000-0000-0000-0000-000000000291','645','00000000-0000-0000-0000-000000000001',9,36,'Balcony 8','00000000-0000-0000-0000-000000000001','00000000-0000-0000-0000-000000000002'),
('00000000-0000-0000-0000-000000000292','646','00000000-0000-0000-0000-000000000001',10,36,'Balcony 8','00000000-0000-0000-0000-000000000001','00000000-0000-0000-0000-000000000002'),
('00000000-0000-0000-0000-000000000293','647','00000000-0000-0000-0000-000000000001',11,36,'Balcony 8','00000000-0000-0000-0000-000000000001','00000000-0000-0000-0000-000000000002'),
('00000000-0000-0000-0000-000000000294','670','00000000-0000-0000-0000-000000000001',15,36,'Balcony 8','00000000-0000-0000-0000-000000000001','00000000-0000-0000-0000-000000000002'),
('00000000-0000-0000-0000-000000000295','669','00000000-0000-0000-0000-000000000001',16,36,'Balcony 8','00000000-0000-0000-0000-000000000001','00000000-0000-0000-0000-000000000002'),
('00000000-0000-0000-0000-000000000296','668','00000000-0000-0000-0000-000000000001',17,36,'Balcony 8','00000000-0000-0000-0000-000000000001','00000000-0000-0000-0000-000000000002'),
('00000000-0000-0000-0000-000000000297','667','00000000-0000-0000-0000-000000000001',18,36,'Balcony 8','00000000-0000-0000-0000-000000000001','00000000-0000-0000-0000-000000000002'),
('00000000-0000-0000-0000-000000000298','666','00000000-0000-0000-0000-000000000001',19,36,'Balcony 8','00000000-0000-0000-0000-000000000001','00000000-0000-0000-0000-000000000002'),
('00000000-0000-0000-0000-000000000299','665','00000000-0000-0000-0000-000000000001',20,36,'Balcony 8','00000000-0000-0000-0000-000000000001','00000000-0000-0000-0000-000000000002'),
('00000000-0000-0000-0000-00000000029a','664','00000000-0000-0000-0000-000000000001',21,36,'Balcony 8','00000000-0000-0000-0000-000000000001','00000000-0000-0000-0000-000000000002'),
('00000000-0000-0000-0000-00000000029b','663','00000000-0000-0000-0000-000000000001',22,36,'Balcony 8','00000000-0000-0000-0000-000000000001','00000000-0000-0000-0000-000000000002'),
('00000000-0000-0000-0000-00000000029c','662','00000000-0000-0000-0000-000000000001',23,36,'Balcony 8','00000000-0000-0000-0000-000000000001','00000000-0000-0000-0000-000000000002'),
('00000000-0000-0000-0000-00000000029d','661','00000000-0000-0000-0000-000000000001',24,36,'Balcony 8','00000000-0000-0000-0000-000000000001','00000000-0000-0000-0000-000000000002'),
('00000000-0000-0000-0000-00000000029e','660','00000000-0000-0000-0000-000000000001',25,36,'Balcony 8','00000000-0000-0000-0000-000000000001','00000000-0000-0000-0000-000000000002'),
('00000000-0000-0000-0000-00000000029f','681','00000000-0000-0000-0000-000000000001',1,37,'Balcony 9','00000000-0000-0000-0000-000000000001','00000000-0000-0000-0000-000000000002'),
('00000000-0000-0000-0000-0000000002a0','680','00000000-0000-0000-0000-000000000001',2,37,'Balcony 9','00000000-0000-0000-0000-000000000001','00000000-0000-0000-0000-000000000002'),
('00000000-0000-0000-0000-0000000002a1','679','00000000-0000-0000-0000-000000000001',3,37,'Balcony 9','00000000-0000-0000-0000-000000000001','00000000-0000-0000-0000-000000000002'),
('00000000-0000-0000-0000-0000000002a2','678','00000000-0000-0000-0000-000000000001',4,37,'Balcony 9','00000000-0000-0000-0000-000000000001','00000000-0000-0000-0000-000000000002'),
('00000000-0000-0000-0000-0000000002a3','677','00000000-0000-0000-0000-000000000001',5,37,'Balcony 9','00000000-0000-0000-0000-000000000001','00000000-0000-0000-0000-000000000002'),
('00000000-0000-0000-0000-0000000002a4','676','00000000-0000-0000-0000-000000000001',6,37,'Balcony 9','00000000-0000-0000-0000-000000000001','00000000-0000-0000-0000-000000000002'),
('00000000-0000-0000-0000-0000000002a5','675','00000000-0000-0000-0000-000000000001',7,37,'Balcony 9','00000000-0000-0000-0000-000000000001','00000000-0000-0000-0000-000000000002'),
('00000000-0000-0000-0000-0000000002a6','674','00000000-0000-0000-0000-000000000001',8,37,'Balcony 9','00000000-0000-0000-0000-000000000001','00000000-0000-0000-0000-000000000002'),
('00000000-0000-0000-0000-0000000002a7','673','00000000-0000-0000-0000-000000000001',9,37,'Balcony 9','00000000-0000-0000-0000-000000000001','00000000-0000-0000-0000-000000000002'),
('00000000-0000-0000-0000-0000000002a8','672','00000000-0000-0000-0000-000000000001',10,37,'Balcony 9','00000000-0000-0000-0000-000000000001','00000000-0000-0000-0000-000000000002'),
('00000000-0000-0000-0000-0000000002a9','671','00000000-0000-0000-0000-000000000001',11,37,'Balcony 9','00000000-0000-0000-0000-000000000001','00000000-0000-0000-0000-000000000002'),
('00000000-0000-0000-0000-0000000002aa','682','00000000-0000-0000-0000-000000000001',1,38,'Balcony 10','00000000-0000-0000-0000-000000000001','00000000-0000-0000-0000-000000000002'),
('00000000-0000-0000-0000-0000000002ab','683','00000000-0000-0000-0000-000000000001',2,38,'Balcony 10','00000000-0000-0000-0000-000000000001','00000000-0000-0000-0000-000000000002'),
('00000000-0000-0000-0000-0000000002ac','684','00000000-0000-0000-0000-000000000001',3,38,'Balcony 10','00000000-0000-0000-0000-000000000001','00000000-0000-0000-0000-000000000002'),
('00000000-0000-0000-0000-0000000002ad','685','00000000-0000-0000-0000-000000000001',4,38,'Balcony 10','00000000-0000-0000-0000-000000000001','00000000-0000-0000-0000-000000000002'),
('00000000-0000-0000-0000-0000000002ae','686','00000000-0000-0000-0000-000000000001',5,38,'Balcony 10','00000000-0000-0000-0000-000000000001','00000000-0000-0000-0000-000000000002'),
('00000000-0000-0000-0000-0000000002af','687','00000000-0000-0000-0000-000000000001',6,38,'Balcony 10','00000000-0000-0000-0000-000000000001','00000000-0000-0000-0000-000000000002'),
('00000000-0000-0000-0000-0000000002b0','688','00000000-0000-0000-0000-000000000001',7,38,'Balcony 10','00000000-0000-0000-0000-000000000001','00000000-0000-0000-0000-000000000002');

-- Custom boundary polygon for the "Ground Floor" area (id 1), cutting all four corners of its
-- seats' bounding box (x 3-34, y 1-25) so it's visibly different from the auto-computed bounding
-- box.
INSERT INTO event_location_area_boundary (area_id, sort_order, xCoordinate, yCoordinate) VALUES
('00000000-0000-0000-0000-000000000001',0,7,1),
('00000000-0000-0000-0000-000000000001',1,32,1),
('00000000-0000-0000-0000-000000000001',2,34,12),
('00000000-0000-0000-0000-000000000001',3,26,25),
('00000000-0000-0000-0000-000000000001',4,3,25),
('00000000-0000-0000-0000-000000000001',5,3,11);


