-- This file allows to write SQL commands that will be emitted in test and dev.
-- The commands are commented as their support depends on the database

-- Insert admin user
INSERT INTO users (id, username, email, passwordHash, passwordSalt, firstname, lastname, emailVerified) VALUES (1, 'admin', 'admin@localhost', '$2a$12$G0LZJi5jGdl5wqspjaVYN.eXdZcZ3X9cMny/3m8mRM3vK/5Yf6TE6', 'Salt', 'Admin', 'User', true);

-- Assign ADMIN tags to admin user
INSERT INTO user_tags (user_id, tags) VALUES (1, 'superuser');
INSERT INTO user_tags (user_id, tags) VALUES (1, 'demouser');

-- Assign ADMIN role to admin user
INSERT INTO user_roles (user_id, role) VALUES (1, 'ADMIN');

-- Insert manager user
INSERT INTO users (id, username, email, passwordHash, passwordSalt, firstname, lastname, emailVerified) VALUES (2, 'manager', 'manager@localhost', '$2a$12$R.1dngJ7Ma4DEVU8L7Tjlek2AnE4.SPIK/BHynpwoatUim9qeOoP2', 'Salt', 'Event', 'Manager', true);

-- Assign manager tags to manager user
INSERT INTO user_tags (user_id, tags) VALUES (2, 'manageruser');
INSERT INTO user_tags (user_id, tags) VALUES (2, 'demouser');

-- Assign MANAGER role to manager user
INSERT INTO user_roles (user_id, role) VALUES (2, 'MANAGER');

-- Insert regular user
INSERT INTO users (id, username, email, passwordHash, passwordSalt, firstname, lastname, emailVerified) VALUES (3, 'user', 'user@localhost', '$2a$12$arzn9PpRswUrgIw0xaXoM.Y2PeX8m9OKKEGggA07bUXm/O./85WPa', 'Salt', 'Regular', 'User', true);

-- Assign regular user tags
INSERT INTO user_tags (user_id, tags) VALUES (3, 'normaluser');
INSERT INTO user_tags (user_id, tags) VALUES (3, 'demouser');

-- Assign USER role to regular user
INSERT INTO user_roles (user_id, role) VALUES (3, 'USER');

-- Insert supervisor user
INSERT INTO users (id, username, email, passwordHash, passwordSalt, firstname, lastname, emailVerified) VALUES (4, 'supervisor', 'supervisor@localhost', '$2a$12$DB8/X1aZ/0I2UzDZdkK/B.haMW2J38ICBe5Che8O37P6a.iNEl2cW', 'Salt', 'Supervisor', 'User', true);

-- Assign supervisor user tags
INSERT INTO user_tags (user_id, tags) VALUES (4, 'supervisoruser');
INSERT INTO user_tags (user_id, tags) VALUES (4, 'demouser');

-- Assign USER role to regular user
INSERT INTO user_roles (user_id, role) VALUES (4, 'SUPERVISOR');


-- Insert event location
INSERT INTO eventlocations (id, name, address, manager_id) VALUES (1, 'City Hall', 'Hauptstraße 1, 12345 Musterstadt', 2);

-- Insert event
INSERT INTO events (id, name, startTime, endTime, bookingStartTime, bookingDeadline, reminderSent, event_location_id, manager_id) VALUES (1, 'City Band Concert', '2024-12-31 19:00:00', '2024-12-31 21:00:00', '2024-12-12 17:00:00', '2026-12-12 17:00:00', false, 1, 2);

-- Assign supervisor user (id 4) to the event (id 1)
INSERT INTO event_supervisors (event_id, user_id) VALUES (1, 4);

-- Grant the regular demo user (id 3) an allowance for the event (id 1), so "City Band Concert" /
-- City Hall (with its Ground Floor/Balcony areas) shows up for them under "Create Reservation"
INSERT INTO EventUserAllowance (id, user_id, event_id, reservationsAllowedCount) VALUES (1, 3, 1, 5);

INSERT INTO eventlocationsMarkers (id, event_location_id, label, xCoordinate, yCoordinate) VALUES
(1, 1, 'R 1', 6, 1),
(2, 1, 'R 2', 6, 2),
(3, 1, 'R 3', 6, 3),
(4, 1, 'R 4', 6, 4),
(5, 1, 'R 1', 28, 1),
(6, 1, 'R 2', 28, 2),
(7, 1, 'R 3', 28, 3),
(8, 1, 'R 4', 28, 4),
(9, 1, 'R 5', 5, 6 ),
(10, 1, 'R 6', 5, 7 ),
(11, 1, 'R 7', 5, 8 ),

(12, 1, 'R 5', 28, 6 ),
(13, 1, 'R 6', 28, 7 ),
(14, 1, 'R 7', 28, 8 ),

(15, 1, 'R 6', 28, 9 ),
(16, 1, 'R 7', 28, 10),
(17, 1, 'R 8', 2, 11),
(18, 1, 'R 9', 2, 12),
(19, 1, 'R 10', 2, 13),
(20, 1, 'R 11', 2, 14),
(21, 1, 'R 12', 2, 15),
(22, 1, 'R 13', 2, 16),
(23, 1, 'R 14', 2, 17),
(24, 1, 'R 15', 2, 18),
(25, 1, 'R 16', 2, 19),

(26, 1, 'R 8', 28, 11),
(27, 1, 'R 9', 28, 12),
(28, 1, 'R 10', 28, 13),
(29, 1, 'R 11', 28, 14),
(30, 1, 'R 12', 28, 15),
(31, 1, 'R 13', 28, 16),
(32, 1, 'R 14', 28, 17),
(33, 1, 'R 15', 28, 18),
(34, 1, 'R 16', 28, 19),

(35, 1, 'R 17', 28, 20),
(36, 1, 'R 18', 28, 21),
(37, 1, 'R 19', 28, 22),
(38, 1, 'R 20', 28, 23),
(39, 1, 'R 21', 28, 24),
(40, 1, 'R 22', 28, 25),

(41, 1, 'R 19', 2, 22),
(42, 1, 'R 20', 2, 23),
(43, 1, 'R 21', 2, 24),
(44, 1, 'R 22', 2, 25),


(45, 1, 'E 1', 13, 29),
(46, 1, 'E 2', 13, 30),
(47, 1, 'E 3', 13, 31),
(48, 1, 'E 4', 13, 32),
(49, 1, 'E 5', 13, 33),
(50, 1, 'E 6', 13, 34),
(51, 1, 'E 7', 13, 35),
(52, 1, 'E 8', 13, 36),
(53, 1, 'E 9', 13, 37),
(54, 1, 'E 10', 13, 38);

-- Insert seats
INSERT INTO seats (id, seatNumber, location_id, xCoordinate, yCoordinate, seatRow, entrance, area) VALUES
(1, '1', 1, 7, 1, 'Row 1', 'Entrance A', 'Ground Floor'),
(2, '2', 1, 8, 1, 'Row 1', 'Entrance A', 'Ground Floor'),
(3, '3', 1, 9, 1, 'Row 1', 'Entrance A', 'Ground Floor'),
(4, '4', 1, 10, 1, 'Row 1', 'Entrance A', 'Ground Floor'),
(5, '5', 1, 11, 1, 'Row 1', 'Entrance A', 'Ground Floor'),
(6, '6', 1, 12, 1, 'Row 1', 'Entrance A', 'Ground Floor'),
(7, '7', 1, 13, 1, 'Row 1', 'Entrance A', 'Ground Floor'),
(8, '8', 1, 14, 1, 'Row 1', 'Entrance A', 'Ground Floor'),
(9, '9', 1, 15, 1, 'Row 1', 'Entrance A', 'Ground Floor'),
(10, '10', 1, 16, 1, 'Row 1', 'Entrance A', 'Ground Floor'),
(11, '11', 1, 17, 1, 'Row 1', 'Entrance A', 'Ground Floor'),
(12, '12', 1, 18, 1, 'Row 1', 'Entrance A', 'Ground Floor'),
(13, '13', 1, 19, 1, 'Row 1', 'Entrance A', 'Ground Floor'),
(14, '14', 1, 20, 1, 'Row 1', 'Entrance A', 'Ground Floor'),
(15, '15', 1, 21, 1, 'Row 1', 'Entrance A', 'Ground Floor'),
(16, '16', 1, 22, 1, 'Row 1', 'Entrance A', 'Ground Floor'),
(17, '17', 1, 23, 1, 'Row 1', 'Entrance A', 'Ground Floor'),
(18, '18', 1, 24, 1, 'Row 1', 'Entrance A', 'Ground Floor'),
(19, '19', 1, 25, 1, 'Row 1', 'Entrance A', 'Ground Floor'),
(20, '20', 1, 26, 1, 'Row 1', 'Entrance A', 'Ground Floor'),
(21, '21', 1, 27, 1, 'Row 1', 'Entrance A', 'Ground Floor'),
(22, '436', 1, 29, 1, 'Row 1', 'Entrance A', 'Ground Floor'),
(23, '437', 1, 30, 1, 'Row 1', 'Entrance A', 'Ground Floor'),
(24, '438', 1, 31, 1, 'Row 1', 'Entrance A', 'Ground Floor'),
(25, '439', 1, 32, 1, 'Row 1', 'Entrance A', 'Ground Floor'),
(26, '42', 1, 7, 2, 'Row 2', 'Entrance A', 'Ground Floor'),
(27, '41', 1, 8, 2, 'Row 2', 'Entrance A', 'Ground Floor'),
(28, '40', 1, 9, 2, 'Row 2', 'Entrance A', 'Ground Floor'),
(29, '39', 1, 10, 2, 'Row 2', 'Entrance A', 'Ground Floor'),
(30, '38', 1, 11, 2, 'Row 2', 'Entrance A', 'Ground Floor'),
(31, '37', 1, 12, 2, 'Row 2', 'Entrance A', 'Ground Floor'),
(32, '36', 1, 13, 2, 'Row 2', 'Entrance A', 'Ground Floor'),
(33, '35', 1, 14, 2, 'Row 2', 'Entrance A', 'Ground Floor'),
(34, '34', 1, 15, 2, 'Row 2', 'Entrance A', 'Ground Floor'),
(35, '33', 1, 16, 2, 'Row 2', 'Entrance A', 'Ground Floor'),
(36, '32', 1, 17, 2, 'Row 2', 'Entrance A', 'Ground Floor'),
(37, '31', 1, 18, 2, 'Row 2', 'Entrance A', 'Ground Floor'),
(38, '30', 1, 19, 2, 'Row 2', 'Entrance A', 'Ground Floor'),
(39, '29', 1, 20, 2, 'Row 2', 'Entrance A', 'Ground Floor'),
(40, '28', 1, 21, 2, 'Row 2', 'Entrance A', 'Ground Floor'),
(41, '27', 1, 22, 2, 'Row 2', 'Entrance A', 'Ground Floor'),
(42, '26', 1, 23, 2, 'Row 2', 'Entrance A', 'Ground Floor'),
(43, '25', 1, 24, 2, 'Row 2', 'Entrance A', 'Ground Floor'),
(44, '24', 1, 25, 2, 'Row 2', 'Entrance A', 'Ground Floor'),
(45, '23', 1, 26, 2, 'Row 2', 'Entrance A', 'Ground Floor'),
(46, '22', 1, 27, 2, 'Row 2', 'Entrance A', 'Ground Floor'),
(47, '440', 1, 29, 2, 'Row 2', 'Entrance A', 'Ground Floor'),
(48, '441', 1, 30, 2, 'Row 2', 'Entrance A', 'Ground Floor'),
(49, '442', 1, 31, 2, 'Row 2', 'Entrance A', 'Ground Floor'),
(50, '443', 1, 32, 2, 'Row 2', 'Entrance A', 'Ground Floor'),
(51, '444', 1, 33, 2, 'Row 2', 'Entrance A', 'Ground Floor'),
(52, '43', 1, 7, 3, 'Row 3', 'Entrance A', 'Ground Floor'),
(53, '44', 1, 8, 3, 'Row 3', 'Entrance A', 'Ground Floor'),
(54, '45', 1, 9, 3, 'Row 3', 'Entrance A', 'Ground Floor'),
(55, '46', 1, 10, 3, 'Row 3', 'Entrance A', 'Ground Floor'),
(56, '47', 1, 11, 3, 'Row 3', 'Entrance A', 'Ground Floor'),
(57, '48', 1, 12, 3, 'Row 3', 'Entrance A', 'Ground Floor'),
(58, '49', 1, 13, 3, 'Row 3', 'Entrance A', 'Ground Floor'),
(59, '50', 1, 14, 3, 'Row 3', 'Entrance A', 'Ground Floor'),
(60, '51', 1, 15, 3, 'Row 3', 'Entrance A', 'Ground Floor'),
(61, '52', 1, 16, 3, 'Row 3', 'Entrance A', 'Ground Floor'),
(62, '53', 1, 17, 3, 'Row 3', 'Entrance A', 'Ground Floor'),
(63, '54', 1, 18, 3, 'Row 3', 'Entrance A', 'Ground Floor'),
(64, '55', 1, 19, 3, 'Row 3', 'Entrance A', 'Ground Floor'),
(65, '56', 1, 20, 3, 'Row 3', 'Entrance A', 'Ground Floor'),
(66, '57', 1, 21, 3, 'Row 3', 'Entrance A', 'Ground Floor'),
(67, '58', 1, 22, 3, 'Row 3', 'Entrance A', 'Ground Floor'),
(68, '59', 1, 23, 3, 'Row 3', 'Entrance A', 'Ground Floor'),
(69, '60', 1, 24, 3, 'Row 3', 'Entrance A', 'Ground Floor'),
(70, '61', 1, 25, 3, 'Row 3', 'Entrance A', 'Ground Floor'),
(71, '62', 1, 26, 3, 'Row 3', 'Entrance A', 'Ground Floor'),
(72, '63', 1, 27, 3, 'Row 3', 'Entrance A', 'Ground Floor'),
(73, '445', 1, 29, 3, 'Row 3', 'Entrance A', 'Ground Floor'),
(74, '446', 1, 30, 3, 'Row 3', 'Entrance A', 'Ground Floor'),
(75, '447', 1, 31, 3, 'Row 3', 'Entrance A', 'Ground Floor'),
(76, '448', 1, 32, 3, 'Row 3', 'Entrance A', 'Ground Floor'),
(77, '449', 1, 33, 3, 'Row 3', 'Entrance A', 'Ground Floor'),
(78, '450', 1, 34, 3, 'Row 3', 'Entrance A', 'Ground Floor'),
(79, '84', 1, 7, 4, 'Row 4', 'Entrance A', 'Ground Floor'),
(80, '83', 1, 8, 4, 'Row 4', 'Entrance A', 'Ground Floor'),
(81, '82', 1, 9, 4, 'Row 4', 'Entrance A', 'Ground Floor'),
(82, '81', 1, 10, 4, 'Row 4', 'Entrance A', 'Ground Floor'),
(83, '80', 1, 11, 4, 'Row 4', 'Entrance A', 'Ground Floor'),
(84, '79', 1, 12, 4, 'Row 4', 'Entrance A', 'Ground Floor'),
(85, '78', 1, 13, 4, 'Row 4', 'Entrance A', 'Ground Floor'),
(86, '77', 1, 14, 4, 'Row 4', 'Entrance A', 'Ground Floor'),
(87, '76', 1, 15, 4, 'Row 4', 'Entrance A', 'Ground Floor'),
(88, '75', 1, 16, 4, 'Row 4', 'Entrance A', 'Ground Floor'),
(89, '74', 1, 17, 4, 'Row 4', 'Entrance A', 'Ground Floor'),
(90, '73', 1, 18, 4, 'Row 4', 'Entrance A', 'Ground Floor'),
(91, '72', 1, 19, 4, 'Row 4', 'Entrance A', 'Ground Floor'),
(92, '71', 1, 20, 4, 'Row 4', 'Entrance A', 'Ground Floor'),
(93, '70', 1, 21, 4, 'Row 4', 'Entrance A', 'Ground Floor'),
(94, '69', 1, 22, 4, 'Row 4', 'Entrance A', 'Ground Floor'),
(95, '68', 1, 23, 4, 'Row 4', 'Entrance A', 'Ground Floor'),
(96, '67', 1, 24, 4, 'Row 4', 'Entrance A', 'Ground Floor'),
(97, '66', 1, 25, 4, 'Row 4', 'Entrance A', 'Ground Floor'),
(98, '65', 1, 26, 4, 'Row 4', 'Entrance A', 'Ground Floor'),
(99, '64', 1, 27, 4, 'Row 4', 'Entrance A', 'Ground Floor'),
(100, '451', 1, 29, 4, 'Row 4', 'Entrance A', 'Ground Floor'),
(101, '452', 1, 30, 4, 'Row 4', 'Entrance A', 'Ground Floor'),
(102, '453', 1, 31, 4, 'Row 4', 'Entrance A', 'Ground Floor'),
(103, '454', 1, 32, 4, 'Row 4', 'Entrance A', 'Ground Floor'),
(104, '455', 1, 33, 4, 'Row 4', 'Entrance A', 'Ground Floor'),
(105, '456', 1, 34, 4, 'Row 4', 'Entrance A', 'Ground Floor'),
(106, '85', 1, 6, 6, 'Row 5', 'Entrance A', 'Ground Floor'),
(107, '86', 1, 7, 6, 'Row 5', 'Entrance A', 'Ground Floor'),
(108, '87', 1, 8, 6, 'Row 5', 'Entrance A', 'Ground Floor'),
(109, '88', 1, 9, 6, 'Row 5', 'Entrance A', 'Ground Floor'),
(110, '89', 1, 10, 6, 'Row 5', 'Entrance A', 'Ground Floor'),
(111, '90', 1, 11, 6, 'Row 5', 'Entrance A', 'Ground Floor'),
(112, '91', 1, 12, 6, 'Row 5', 'Entrance A', 'Ground Floor'),
(113, '92', 1, 13, 6, 'Row 5', 'Entrance A', 'Ground Floor'),
(114, '93', 1, 14, 6, 'Row 5', 'Entrance A', 'Ground Floor'),
(115, '94', 1, 15, 6, 'Row 5', 'Entrance A', 'Ground Floor'),
(116, '95', 1, 17, 6, 'Row 5', 'Entrance A', 'Ground Floor'),
(117, '96', 1, 18, 6, 'Row 5', 'Entrance A', 'Ground Floor'),
(118, '97', 1, 19, 6, 'Row 5', 'Entrance A', 'Ground Floor'),
(119, '98', 1, 20, 6, 'Row 5', 'Entrance A', 'Ground Floor'),
(120, '99', 1, 21, 6, 'Row 5', 'Entrance A', 'Ground Floor'),
(121, '100', 1, 22, 6, 'Row 5', 'Entrance A', 'Ground Floor'),
(122, '101', 1, 23, 6, 'Row 5', 'Entrance A', 'Ground Floor'),
(123, '102', 1, 24, 6, 'Row 5', 'Entrance A', 'Ground Floor'),
(124, '103', 1, 25, 6, 'Row 5', 'Entrance A', 'Ground Floor'),
(125, '104', 1, 26, 6, 'Row 5', 'Entrance A', 'Ground Floor'),
(126, '457', 1, 29, 5, 'Row 5', 'Entrance A', 'Ground Floor'),
(127, '458', 1, 30, 5, 'Row 5', 'Entrance A', 'Ground Floor'),
(128, '459', 1, 31, 5, 'Row 5', 'Entrance A', 'Ground Floor'),
(129, '460', 1, 32, 5, 'Row 5', 'Entrance A', 'Ground Floor'),
(130, '461', 1, 33, 5, 'Row 5', 'Entrance A', 'Ground Floor'),
(131, '462', 1, 34, 5, 'Row 5', 'Entrance A', 'Ground Floor'),
(132, '123', 1, 6, 7, 'Row 6', 'Entrance A', 'Ground Floor'),
(133, '122', 1, 7, 7, 'Row 6', 'Entrance A', 'Ground Floor'),
(134, '121', 1, 8, 7, 'Row 6', 'Entrance A', 'Ground Floor'),
(135, '120', 1, 9, 7, 'Row 6', 'Entrance A', 'Ground Floor'),
(136, '119', 1, 10, 7, 'Row 6', 'Entrance A', 'Ground Floor'),
(137, '118', 1, 11, 7, 'Row 6', 'Entrance A', 'Ground Floor'),
(138, '117', 1, 12, 7, 'Row 6', 'Entrance A', 'Ground Floor'),
(139, '116', 1, 13, 7, 'Row 6', 'Entrance A', 'Ground Floor'),
(140, '115', 1, 14, 7, 'Row 6', 'Entrance A', 'Ground Floor'),
(141, '114', 1, 15, 7, 'Row 6', 'Entrance A', 'Ground Floor'),
(142, '113', 1, 17, 7, 'Row 6', 'Entrance A', 'Ground Floor'),
(143, '112', 1, 18, 7, 'Row 6', 'Entrance A', 'Ground Floor'),
(144, '111', 1, 19, 7, 'Row 6', 'Entrance A', 'Ground Floor'),
(145, '110', 1, 20, 7, 'Row 6', 'Entrance A', 'Ground Floor'),
(146, '109', 1, 21, 7, 'Row 6', 'Entrance A', 'Ground Floor'),
(147, '108', 1, 22, 7, 'Row 6', 'Entrance A', 'Ground Floor'),
(148, '107', 1, 23, 7, 'Row 6', 'Entrance A', 'Ground Floor'),
(149, '106', 1, 24, 7, 'Row 6', 'Entrance A', 'Ground Floor'),
(150, '105', 1, 25, 7, 'Row 6', 'Entrance A', 'Ground Floor'),
(151, '468', 1, 29, 9, 'Row 6', 'Entrance A', 'Ground Floor'),
(152, '467', 1, 30, 9, 'Row 6', 'Entrance A', 'Ground Floor'),
(153, '466', 1, 31, 9, 'Row 6', 'Entrance A', 'Ground Floor'),
(154, '465', 1, 32, 9, 'Row 6', 'Entrance A', 'Ground Floor'),
(155, '464', 1, 33, 9, 'Row 6', 'Entrance A', 'Ground Floor'),
(156, '463', 1, 34, 9, 'Row 6', 'Entrance A', 'Ground Floor'),
(157, '124', 1, 6, 8, 'Row 7', 'Entrance A', 'Ground Floor'),
(158, '125', 1, 7, 8, 'Row 7', 'Entrance A', 'Ground Floor'),
(159, '126', 1, 8, 8, 'Row 7', 'Entrance A', 'Ground Floor'),
(160, '127', 1, 9, 8, 'Row 7', 'Entrance A', 'Ground Floor'),
(161, '128', 1, 10, 8, 'Row 7', 'Entrance A', 'Ground Floor'),
(162, '129', 1, 11, 8, 'Row 7', 'Entrance A', 'Ground Floor'),
(163, '130', 1, 12, 8, 'Row 7', 'Entrance A', 'Ground Floor'),
(164, '131', 1, 13, 8, 'Row 7', 'Entrance A', 'Ground Floor'),
(165, '132', 1, 14, 8, 'Row 7', 'Entrance A', 'Ground Floor'),
(166, '133', 1, 15, 8, 'Row 7', 'Entrance A', 'Ground Floor'),
(167, '134', 1, 17, 8, 'Row 7', 'Entrance A', 'Ground Floor'),
(168, '135', 1, 18, 8, 'Row 7', 'Entrance A', 'Ground Floor'),
(169, '136', 1, 19, 8, 'Row 7', 'Entrance A', 'Ground Floor'),
(170, '137', 1, 20, 8, 'Row 7', 'Entrance A', 'Ground Floor'),
(171, '138', 1, 21, 8, 'Row 7', 'Entrance A', 'Ground Floor'),
(172, '139', 1, 22, 8, 'Row 7', 'Entrance A', 'Ground Floor'),
(173, '140', 1, 23, 8, 'Row 7', 'Entrance A', 'Ground Floor'),
(174, '141', 1, 24, 8, 'Row 7', 'Entrance A', 'Ground Floor'),
(175, '142', 1, 25, 8, 'Row 7', 'Entrance A', 'Ground Floor'),
(176, '143', 1, 26, 8, 'Row 7', 'Entrance A', 'Ground Floor'),
(177, '469', 1, 29, 10, 'Row 7', 'Entrance A', 'Ground Floor'),
(178, '470', 1, 30, 10, 'Row 7', 'Entrance A', 'Ground Floor'),
(179, '471', 1, 31, 10, 'Row 7', 'Entrance A', 'Ground Floor'),
(180, '472', 1, 32, 10, 'Row 7', 'Entrance A', 'Ground Floor'),
(181, '473', 1, 33, 10, 'Row 7', 'Entrance A', 'Ground Floor'),
(182, '474', 1, 34, 10, 'Row 7', 'Entrance A', 'Ground Floor'),
(183, '166', 1, 3, 11, 'Row 8', 'Entrance A', 'Ground Floor'),
(184, '165', 1, 4, 11, 'Row 8', 'Entrance A', 'Ground Floor'),
(185, '164', 1, 5, 11, 'Row 8', 'Entrance A', 'Ground Floor'),
(186, '163', 1, 6, 11, 'Row 8', 'Entrance A', 'Ground Floor'),
(187, '162', 1, 7, 11, 'Row 8', 'Entrance A', 'Ground Floor'),
(188, '161', 1, 8, 11, 'Row 8', 'Entrance A', 'Ground Floor'),
(189, '160', 1, 9, 11, 'Row 8', 'Entrance A', 'Ground Floor'),
(190, '159', 1, 10, 11, 'Row 8', 'Entrance A', 'Ground Floor'),
(191, '158', 1, 11, 11, 'Row 8', 'Entrance A', 'Ground Floor'),
(192, '157', 1, 12, 11, 'Row 8', 'Entrance A', 'Ground Floor'),
(193, '156', 1, 13, 11, 'Row 8', 'Entrance A', 'Ground Floor'),
(194, '155', 1, 14, 11, 'Row 8', 'Entrance A', 'Ground Floor'),
(195, '154', 1, 15, 11, 'Row 8', 'Entrance A', 'Ground Floor'),
(196, '153', 1, 17, 11, 'Row 8', 'Entrance A', 'Ground Floor'),
(197, '152', 1, 18, 11, 'Row 8', 'Entrance A', 'Ground Floor'),
(198, '151', 1, 19, 11, 'Row 8', 'Entrance A', 'Ground Floor'),
(199, '150', 1, 20, 11, 'Row 8', 'Entrance A', 'Ground Floor'),
(200, '149', 1, 21, 11, 'Row 8', 'Entrance A', 'Ground Floor'),
(201, '148', 1, 22, 11, 'Row 8', 'Entrance A', 'Ground Floor'),
(202, '147', 1, 23, 11, 'Row 8', 'Entrance A', 'Ground Floor'),
(203, '146', 1, 24, 11, 'Row 8', 'Entrance A', 'Ground Floor'),
(204, '145', 1, 25, 11, 'Row 8', 'Entrance A', 'Ground Floor'),
(205, '144', 1, 26, 11, 'Row 8', 'Entrance A', 'Ground Floor'),
(206, '480', 1, 29, 11, 'Row 8', 'Entrance A', 'Ground Floor'),
(207, '479', 1, 30, 11, 'Row 8', 'Entrance A', 'Ground Floor'),
(208, '478', 1, 31, 11, 'Row 8', 'Entrance A', 'Ground Floor'),
(209, '477', 1, 32, 11, 'Row 8', 'Entrance A', 'Ground Floor'),
(210, '476', 1, 33, 11, 'Row 8', 'Entrance A', 'Ground Floor'),
(211, '475', 1, 34, 11, 'Row 8', 'Entrance A', 'Ground Floor'),
(212, '167', 1, 3, 12, 'Row 9', 'Entrance A', 'Ground Floor'),
(213, '168', 1, 4, 12, 'Row 9', 'Entrance A', 'Ground Floor'),
(214, '169', 1, 5, 12, 'Row 9', 'Entrance A', 'Ground Floor'),
(215, '170', 1, 6, 12, 'Row 9', 'Entrance A', 'Ground Floor'),
(216, '171', 1, 7, 12, 'Row 9', 'Entrance A', 'Ground Floor'),
(217, '172', 1, 8, 12, 'Row 9', 'Entrance A', 'Ground Floor'),
(218, '173', 1, 9, 12, 'Row 9', 'Entrance A', 'Ground Floor'),
(219, '174', 1, 10, 12, 'Row 9', 'Entrance A', 'Ground Floor'),
(220, '175', 1, 11, 12, 'Row 9', 'Entrance A', 'Ground Floor'),
(221, '176', 1, 12, 12, 'Row 9', 'Entrance A', 'Ground Floor'),
(222, '177', 1, 13, 12, 'Row 9', 'Entrance A', 'Ground Floor'),
(223, '178', 1, 14, 12, 'Row 9', 'Entrance A', 'Ground Floor'),
(224, '179', 1, 17, 12, 'Row 9', 'Entrance A', 'Ground Floor'),
(225, '180', 1, 18, 12, 'Row 9', 'Entrance A', 'Ground Floor'),
(226, '181', 1, 19, 12, 'Row 9', 'Entrance A', 'Ground Floor'),
(227, '182', 1, 20, 12, 'Row 9', 'Entrance A', 'Ground Floor'),
(228, '183', 1, 21, 12, 'Row 9', 'Entrance A', 'Ground Floor'),
(229, '184', 1, 22, 12, 'Row 9', 'Entrance A', 'Ground Floor'),
(230, '185', 1, 23, 12, 'Row 9', 'Entrance A', 'Ground Floor'),
(231, '186', 1, 24, 12, 'Row 9', 'Entrance A', 'Ground Floor'),
(232, '187', 1, 25, 12, 'Row 9', 'Entrance A', 'Ground Floor'),
(233, '188', 1, 26, 12, 'Row 9', 'Entrance A', 'Ground Floor'),
(234, '481', 1, 29, 12, 'Row 9', 'Entrance A', 'Ground Floor'),
(235, '482', 1, 30, 12, 'Row 9', 'Entrance A', 'Ground Floor'),
(236, '483', 1, 31, 12, 'Row 9', 'Entrance A', 'Ground Floor'),
(237, '484', 1, 32, 12, 'Row 9', 'Entrance A', 'Ground Floor'),
(238, '485', 1, 33, 12, 'Row 9', 'Entrance A', 'Ground Floor'),
(239, '486', 1, 34, 12, 'Row 9', 'Entrance A', 'Ground Floor'),
(240, '211', 1, 3, 13, 'Row 10', 'Entrance A', 'Ground Floor'),
(241, '210', 1, 4, 13, 'Row 10', 'Entrance A', 'Ground Floor'),
(242, '209', 1, 5, 13, 'Row 10', 'Entrance A', 'Ground Floor'),
(243, '208', 1, 6, 13, 'Row 10', 'Entrance A', 'Ground Floor'),
(244, '207', 1, 7, 13, 'Row 10', 'Entrance A', 'Ground Floor'),
(245, '206', 1, 8, 13, 'Row 10', 'Entrance A', 'Ground Floor'),
(246, '205', 1, 9, 13, 'Row 10', 'Entrance A', 'Ground Floor'),
(247, '204', 1, 10, 13, 'Row 10', 'Entrance A', 'Ground Floor'),
(248, '203', 1, 11, 13, 'Row 10', 'Entrance A', 'Ground Floor'),
(249, '202', 1, 12, 13, 'Row 10', 'Entrance A', 'Ground Floor'),
(250, '201', 1, 13, 13, 'Row 10', 'Entrance A', 'Ground Floor'),
(251, '200', 1, 14, 13, 'Row 10', 'Entrance A', 'Ground Floor'),
(252, '199', 1, 15, 13, 'Row 10', 'Entrance A', 'Ground Floor'),
(253, '198', 1, 17, 13, 'Row 10', 'Entrance A', 'Ground Floor'),
(254, '197', 1, 18, 13, 'Row 10', 'Entrance A', 'Ground Floor'),
(255, '196', 1, 19, 13, 'Row 10', 'Entrance A', 'Ground Floor'),
(256, '195', 1, 20, 13, 'Row 10', 'Entrance A', 'Ground Floor'),
(257, '194', 1, 21, 13, 'Row 10', 'Entrance A', 'Ground Floor'),
(258, '193', 1, 22, 13, 'Row 10', 'Entrance A', 'Ground Floor'),
(259, '192', 1, 23, 13, 'Row 10', 'Entrance A', 'Ground Floor'),
(260, '191', 1, 24, 13, 'Row 10', 'Entrance A', 'Ground Floor'),
(261, '190', 1, 25, 13, 'Row 10', 'Entrance A', 'Ground Floor'),
(262, '189', 1, 26, 13, 'Row 10', 'Entrance A', 'Ground Floor'),
(263, '492', 1, 29, 13, 'Row 10', 'Entrance A', 'Ground Floor'),
(264, '491', 1, 30, 13, 'Row 10', 'Entrance A', 'Ground Floor'),
(265, '490', 1, 31, 13, 'Row 10', 'Entrance A', 'Ground Floor'),
(266, '489', 1, 32, 13, 'Row 10', 'Entrance A', 'Ground Floor'),
(267, '488', 1, 33, 13, 'Row 10', 'Entrance A', 'Ground Floor'),
(268, '487', 1, 34, 13, 'Row 10', 'Entrance A', 'Ground Floor'),
(269, '212', 1, 3, 14, 'Row 11', 'Entrance A', 'Ground Floor'),
(270, '213', 1, 4, 14, 'Row 11', 'Entrance A', 'Ground Floor'),
(271, '214', 1, 5, 14, 'Row 11', 'Entrance A', 'Ground Floor'),
(272, '215', 1, 6, 14, 'Row 11', 'Entrance A', 'Ground Floor'),
(273, '216', 1, 7, 14, 'Row 11', 'Entrance A', 'Ground Floor'),
(274, '217', 1, 8, 14, 'Row 11', 'Entrance A', 'Ground Floor'),
(275, '218', 1, 9, 14, 'Row 11', 'Entrance A', 'Ground Floor'),
(276, '219', 1, 10, 14, 'Row 11', 'Entrance A', 'Ground Floor'),
(277, '220', 1, 11, 14, 'Row 11', 'Entrance A', 'Ground Floor'),
(278, '221', 1, 12, 14, 'Row 11', 'Entrance A', 'Ground Floor'),
(279, '222', 1, 13, 14, 'Row 11', 'Entrance A', 'Ground Floor'),
(280, '223', 1, 14, 14, 'Row 11', 'Entrance A', 'Ground Floor'),
(281, '224', 1, 15, 14, 'Row 11', 'Entrance A', 'Ground Floor'),
(282, '225', 1, 17, 14, 'Row 11', 'Entrance A', 'Ground Floor'),
(283, '226', 1, 18, 14, 'Row 11', 'Entrance A', 'Ground Floor'),
(284, '227', 1, 19, 14, 'Row 11', 'Entrance A', 'Ground Floor'),
(285, '228', 1, 20, 14, 'Row 11', 'Entrance A', 'Ground Floor'),
(286, '229', 1, 21, 14, 'Row 11', 'Entrance A', 'Ground Floor'),
(287, '230', 1, 22, 14, 'Row 11', 'Entrance A', 'Ground Floor'),
(288, '231', 1, 23, 14, 'Row 11', 'Entrance A', 'Ground Floor'),
(289, '232', 1, 24, 14, 'Row 11', 'Entrance A', 'Ground Floor'),
(290, '233', 1, 25, 14, 'Row 11', 'Entrance A', 'Ground Floor'),
(291, '234', 1, 26, 14, 'Row 11', 'Entrance A', 'Ground Floor'),
(292, '493', 1, 29, 14, 'Row 11', 'Entrance A', 'Ground Floor'),
(293, '494', 1, 30, 14, 'Row 11', 'Entrance A', 'Ground Floor'),
(294, '495', 1, 31, 14, 'Row 11', 'Entrance A', 'Ground Floor'),
(295, '496', 1, 32, 14, 'Row 11', 'Entrance A', 'Ground Floor'),
(296, '497', 1, 33, 14, 'Row 11', 'Entrance A', 'Ground Floor'),
(297, '498', 1, 34, 14, 'Row 11', 'Entrance A', 'Ground Floor'),
(298, '257', 1, 3, 15, 'Row 12', 'Entrance A', 'Ground Floor'),
(299, '256', 1, 4, 15, 'Row 12', 'Entrance A', 'Ground Floor'),
(300, '255', 1, 5, 15, 'Row 12', 'Entrance A', 'Ground Floor'),
(301, '254', 1, 6, 15, 'Row 12', 'Entrance A', 'Ground Floor'),
(302, '253', 1, 7, 15, 'Row 12', 'Entrance A', 'Ground Floor'),
(303, '252', 1, 8, 15, 'Row 12', 'Entrance A', 'Ground Floor'),
(304, '251', 1, 9, 15, 'Row 12', 'Entrance A', 'Ground Floor'),
(305, '250', 1, 10, 15, 'Row 12', 'Entrance A', 'Ground Floor'),
(306, '249', 1, 11, 15, 'Row 12', 'Entrance A', 'Ground Floor'),
(307, '248', 1, 12, 15, 'Row 12', 'Entrance A', 'Ground Floor'),
(308, '247', 1, 13, 15, 'Row 12', 'Entrance A', 'Ground Floor'),
(309, '246', 1, 14, 15, 'Row 12', 'Entrance A', 'Ground Floor'),
(310, '245', 1, 15, 15, 'Row 12', 'Entrance A', 'Ground Floor'),
(311, '244', 1, 17, 15, 'Row 12', 'Entrance A', 'Ground Floor'),
(312, '243', 1, 18, 15, 'Row 12', 'Entrance A', 'Ground Floor'),
(313, '242', 1, 19, 15, 'Row 12', 'Entrance A', 'Ground Floor'),
(314, '241', 1, 20, 15, 'Row 12', 'Entrance A', 'Ground Floor'),
(315, '240', 1, 21, 15, 'Row 12', 'Entrance A', 'Ground Floor'),
(316, '239', 1, 22, 15, 'Row 12', 'Entrance A', 'Ground Floor'),
(317, '238', 1, 23, 15, 'Row 12', 'Entrance A', 'Ground Floor'),
(318, '237', 1, 24, 15, 'Row 12', 'Entrance A', 'Ground Floor'),
(319, '236', 1, 25, 15, 'Row 12', 'Entrance A', 'Ground Floor'),
(320, '235', 1, 26, 15, 'Row 12', 'Entrance A', 'Ground Floor'),
(321, '504', 1, 29, 15, 'Row 12', 'Entrance A', 'Ground Floor'),
(322, '503', 1, 30, 15, 'Row 12', 'Entrance A', 'Ground Floor'),
(323, '502', 1, 31, 15, 'Row 12', 'Entrance A', 'Ground Floor'),
(324, '501', 1, 32, 15, 'Row 12', 'Entrance A', 'Ground Floor'),
(325, '500', 1, 33, 15, 'Row 12', 'Entrance A', 'Ground Floor'),
(326, '499', 1, 34, 15, 'Row 12', 'Entrance A', 'Ground Floor'),
(327, '258', 1, 3, 16, 'Row 13', 'Entrance A', 'Ground Floor'),
(328, '259', 1, 4, 16, 'Row 13', 'Entrance A', 'Ground Floor'),
(329, '260', 1, 5, 16, 'Row 13', 'Entrance A', 'Ground Floor'),
(330, '261', 1, 6, 16, 'Row 13', 'Entrance A', 'Ground Floor'),
(331, '262', 1, 7, 16, 'Row 13', 'Entrance A', 'Ground Floor'),
(332, '263', 1, 8, 16, 'Row 13', 'Entrance A', 'Ground Floor'),
(333, '264', 1, 9, 16, 'Row 13', 'Entrance A', 'Ground Floor'),
(334, '265', 1, 10, 16, 'Row 13', 'Entrance A', 'Ground Floor'),
(335, '266', 1, 11, 16, 'Row 13', 'Entrance A', 'Ground Floor'),
(336, '267', 1, 12, 16, 'Row 13', 'Entrance A', 'Ground Floor'),
(337, '268', 1, 13, 16, 'Row 13', 'Entrance A', 'Ground Floor'),
(338, '269', 1, 14, 16, 'Row 13', 'Entrance A', 'Ground Floor'),
(339, '270', 1, 15, 16, 'Row 13', 'Entrance A', 'Ground Floor'),
(340, '271', 1, 17, 16, 'Row 13', 'Entrance A', 'Ground Floor'),
(341, '272', 1, 18, 16, 'Row 13', 'Entrance A', 'Ground Floor'),
(342, '273', 1, 19, 16, 'Row 13', 'Entrance A', 'Ground Floor'),
(343, '274', 1, 20, 16, 'Row 13', 'Entrance A', 'Ground Floor'),
(344, '275', 1, 21, 16, 'Row 13', 'Entrance A', 'Ground Floor'),
(345, '276', 1, 22, 16, 'Row 13', 'Entrance A', 'Ground Floor'),
(346, '277', 1, 23, 16, 'Row 13', 'Entrance A', 'Ground Floor'),
(347, '278', 1, 24, 16, 'Row 13', 'Entrance A', 'Ground Floor'),
(348, '279', 1, 25, 16, 'Row 13', 'Entrance A', 'Ground Floor'),
(349, '280', 1, 26, 16, 'Row 13', 'Entrance A', 'Ground Floor'),
(350, '505', 1, 29, 16, 'Row 13', 'Entrance A', 'Ground Floor'),
(351, '506', 1, 30, 16, 'Row 13', 'Entrance A', 'Ground Floor'),
(352, '507', 1, 31, 16, 'Row 13', 'Entrance A', 'Ground Floor'),
(353, '508', 1, 32, 16, 'Row 13', 'Entrance A', 'Ground Floor'),
(354, '509', 1, 33, 16, 'Row 13', 'Entrance A', 'Ground Floor'),
(355, '510', 1, 34, 16, 'Row 13', 'Entrance A', 'Ground Floor'),
(356, '303', 1, 3, 17, 'Row 14', 'Entrance A', 'Ground Floor'),
(357, '302', 1, 4, 17, 'Row 14', 'Entrance A', 'Ground Floor'),
(358, '301', 1, 5, 17, 'Row 14', 'Entrance A', 'Ground Floor'),
(359, '300', 1, 6, 17, 'Row 14', 'Entrance A', 'Ground Floor'),
(360, '299', 1, 7, 17, 'Row 14', 'Entrance A', 'Ground Floor'),
(361, '298', 1, 8, 17, 'Row 14', 'Entrance A', 'Ground Floor'),
(362, '297', 1, 9, 17, 'Row 14', 'Entrance A', 'Ground Floor'),
(363, '296', 1, 10, 17, 'Row 14', 'Entrance A', 'Ground Floor'),
(364, '295', 1, 11, 17, 'Row 14', 'Entrance A', 'Ground Floor'),
(365, '294', 1, 12, 17, 'Row 14', 'Entrance A', 'Ground Floor'),
(366, '293', 1, 13, 17, 'Row 14', 'Entrance A', 'Ground Floor'),
(367, '292', 1, 14, 17, 'Row 14', 'Entrance A', 'Ground Floor'),
(368, '291', 1, 15, 17, 'Row 14', 'Entrance A', 'Ground Floor'),
(369, '290', 1, 17, 17, 'Row 14', 'Entrance A', 'Ground Floor'),
(370, '289', 1, 18, 17, 'Row 14', 'Entrance A', 'Ground Floor'),
(371, '288', 1, 19, 17, 'Row 14', 'Entrance A', 'Ground Floor'),
(372, '287', 1, 20, 17, 'Row 14', 'Entrance A', 'Ground Floor'),
(373, '286', 1, 21, 17, 'Row 14', 'Entrance A', 'Ground Floor'),
(374, '285', 1, 22, 17, 'Row 14', 'Entrance A', 'Ground Floor'),
(375, '284', 1, 23, 17, 'Row 14', 'Entrance A', 'Ground Floor'),
(376, '283', 1, 24, 17, 'Row 14', 'Entrance A', 'Ground Floor'),
(377, '282', 1, 25, 17, 'Row 14', 'Entrance A', 'Ground Floor'),
(378, '281', 1, 26, 17, 'Row 14', 'Entrance A', 'Ground Floor'),
(379, '514', 1, 31, 17, 'Row 14', 'Entrance A', 'Ground Floor'),
(380, '513', 1, 32, 17, 'Row 14', 'Entrance A', 'Ground Floor'),
(381, '512', 1, 33, 17, 'Row 14', 'Entrance A', 'Ground Floor'),
(382, '511', 1, 34, 17, 'Row 14', 'Entrance A', 'Ground Floor'),
(383, '304', 1, 3, 18, 'Row 15', 'Entrance A', 'Ground Floor'),
(384, '305', 1, 4, 18, 'Row 15', 'Entrance A', 'Ground Floor'),
(385, '306', 1, 5, 18, 'Row 15', 'Entrance A', 'Ground Floor'),
(386, '307', 1, 6, 18, 'Row 15', 'Entrance A', 'Ground Floor'),
(387, '308', 1, 7, 18, 'Row 15', 'Entrance A', 'Ground Floor'),
(388, '309', 1, 8, 18, 'Row 15', 'Entrance A', 'Ground Floor'),
(389, '310', 1, 9, 18, 'Row 15', 'Entrance A', 'Ground Floor'),
(390, '311', 1, 10, 18, 'Row 15', 'Entrance A', 'Ground Floor'),
(391, '312', 1, 11, 18, 'Row 15', 'Entrance A', 'Ground Floor'),
(392, '313', 1, 12, 18, 'Row 15', 'Entrance A', 'Ground Floor'),
(393, '314', 1, 17, 18, 'Row 15', 'Entrance A', 'Ground Floor'),
(394, '315', 1, 18, 18, 'Row 15', 'Entrance A', 'Ground Floor'),
(395, '316', 1, 19, 18, 'Row 15', 'Entrance A', 'Ground Floor'),
(396, '317', 1, 20, 18, 'Row 15', 'Entrance A', 'Ground Floor'),
(397, '318', 1, 21, 18, 'Row 15', 'Entrance A', 'Ground Floor'),
(398, '319', 1, 22, 18, 'Row 15', 'Entrance A', 'Ground Floor'),
(399, '320', 1, 23, 18, 'Row 15', 'Entrance A', 'Ground Floor'),
(400, '321', 1, 24, 18, 'Row 15', 'Entrance A', 'Ground Floor'),
(401, '322', 1, 25, 18, 'Row 15', 'Entrance A', 'Ground Floor'),
(402, '323', 1, 26, 18, 'Row 15', 'Entrance A', 'Ground Floor'),
(403, '343', 1, 3, 19, 'Row 16', 'Entrance A', 'Ground Floor'),
(404, '342', 1, 4, 19, 'Row 16', 'Entrance A', 'Ground Floor'),
(405, '341', 1, 5, 19, 'Row 16', 'Entrance A', 'Ground Floor'),
(406, '340', 1, 6, 19, 'Row 16', 'Entrance A', 'Ground Floor'),
(407, '339', 1, 7, 19, 'Row 16', 'Entrance A', 'Ground Floor'),
(408, '338', 1, 8, 19, 'Row 16', 'Entrance A', 'Ground Floor'),
(409, '337', 1, 9, 19, 'Row 16', 'Entrance A', 'Ground Floor'),
(410, '336', 1, 10, 19, 'Row 16', 'Entrance A', 'Ground Floor'),
(411, '335', 1, 11, 19, 'Row 16', 'Entrance A', 'Ground Floor'),
(412, '334', 1, 12, 19, 'Row 16', 'Entrance A', 'Ground Floor'),
(413, '333', 1, 17, 19, 'Row 16', 'Entrance A', 'Ground Floor'),
(414, '332', 1, 18, 19, 'Row 16', 'Entrance A', 'Ground Floor'),
(415, '331', 1, 19, 19, 'Row 16', 'Entrance A', 'Ground Floor'),
(416, '330', 1, 20, 19, 'Row 16', 'Entrance A', 'Ground Floor'),
(417, '329', 1, 21, 19, 'Row 16', 'Entrance A', 'Ground Floor'),
(418, '328', 1, 22, 19, 'Row 16', 'Entrance A', 'Ground Floor'),
(419, '327', 1, 23, 19, 'Row 16', 'Entrance A', 'Ground Floor'),
(420, '326', 1, 24, 19, 'Row 16', 'Entrance A', 'Ground Floor'),
(421, '325', 1, 25, 19, 'Row 16', 'Entrance A', 'Ground Floor'),
(422, '324', 1, 26, 19, 'Row 16', 'Entrance A', 'Ground Floor'),
(423, '344', 1, 17, 20, 'Row 17', 'Entrance A', 'Ground Floor'),
(424, '345', 1, 18, 20, 'Row 17', 'Entrance A', 'Ground Floor'),
(425, '346', 1, 19, 20, 'Row 17', 'Entrance A', 'Ground Floor'),
(426, '347', 1, 20, 20, 'Row 17', 'Entrance A', 'Ground Floor'),
(427, '348', 1, 21, 20, 'Row 17', 'Entrance A', 'Ground Floor'),
(428, '349', 1, 22, 20, 'Row 17', 'Entrance A', 'Ground Floor'),
(429, '350', 1, 23, 20, 'Row 17', 'Entrance A', 'Ground Floor'),
(430, '351', 1, 24, 20, 'Row 17', 'Entrance A', 'Ground Floor'),
(431, '352', 1, 25, 20, 'Row 17', 'Entrance A', 'Ground Floor'),
(432, '353', 1, 26, 20, 'Row 17', 'Entrance A', 'Ground Floor'),
(433, '363', 1, 17, 21, 'Row 18', 'Entrance A', 'Ground Floor'),
(434, '362', 1, 18, 21, 'Row 18', 'Entrance A', 'Ground Floor'),
(435, '361', 1, 19, 21, 'Row 18', 'Entrance A', 'Ground Floor'),
(436, '360', 1, 20, 21, 'Row 18', 'Entrance A', 'Ground Floor'),
(437, '359', 1, 21, 21, 'Row 18', 'Entrance A', 'Ground Floor'),
(438, '358', 1, 22, 21, 'Row 18', 'Entrance A', 'Ground Floor'),
(439, '357', 1, 23, 21, 'Row 18', 'Entrance A', 'Ground Floor'),
(440, '356', 1, 24, 21, 'Row 18', 'Entrance A', 'Ground Floor'),
(441, '355', 1, 25, 21, 'Row 18', 'Entrance A', 'Ground Floor'),
(442, '354', 1, 26, 21, 'Row 18', 'Entrance A', 'Ground Floor'),
(443, '364', 1, 3, 22, 'Row 19', 'Entrance A', 'Ground Floor'),
(444, '365', 1, 4, 22, 'Row 19', 'Entrance A', 'Ground Floor'),
(445, '366', 1, 5, 22, 'Row 19', 'Entrance A', 'Ground Floor'),
(446, '367', 1, 6, 22, 'Row 19', 'Entrance A', 'Ground Floor'),
(447, '368', 1, 7, 22, 'Row 19', 'Entrance A', 'Ground Floor'),
(448, '369', 1, 8, 22, 'Row 19', 'Entrance A', 'Ground Floor'),
(449, '370', 1, 9, 22, 'Row 19', 'Entrance A', 'Ground Floor'),
(450, '371', 1, 10, 22, 'Row 19', 'Entrance A', 'Ground Floor'),
(451, '372', 1, 11, 22, 'Row 19', 'Entrance A', 'Ground Floor'),
(452, '373', 1, 18, 22, 'Row 19', 'Entrance A', 'Ground Floor'),
(453, '374', 1, 19, 22, 'Row 19', 'Entrance A', 'Ground Floor'),
(454, '375', 1, 20, 22, 'Row 19', 'Entrance A', 'Ground Floor'),
(455, '376', 1, 21, 22, 'Row 19', 'Entrance A', 'Ground Floor'),
(456, '377', 1, 22, 22, 'Row 19', 'Entrance A', 'Ground Floor'),
(457, '378', 1, 23, 22, 'Row 19', 'Entrance A', 'Ground Floor'),
(458, '379', 1, 24, 22, 'Row 19', 'Entrance A', 'Ground Floor'),
(459, '380', 1, 25, 22, 'Row 19', 'Entrance A', 'Ground Floor'),
(460, '381', 1, 26, 22, 'Row 19', 'Entrance A', 'Ground Floor'),
(461, '399', 1, 3, 23, 'Row 20', 'Entrance A', 'Ground Floor'),
(462, '398', 1, 4, 23, 'Row 20', 'Entrance A', 'Ground Floor'),
(463, '397', 1, 5, 23, 'Row 20', 'Entrance A', 'Ground Floor'),
(464, '396', 1, 6, 23, 'Row 20', 'Entrance A', 'Ground Floor'),
(465, '395', 1, 7, 23, 'Row 20', 'Entrance A', 'Ground Floor'),
(466, '394', 1, 8, 23, 'Row 20', 'Entrance A', 'Ground Floor'),
(467, '393', 1, 9, 23, 'Row 20', 'Entrance A', 'Ground Floor'),
(468, '392', 1, 10, 23, 'Row 20', 'Entrance A', 'Ground Floor'),
(469, '391', 1, 11, 23, 'Row 20', 'Entrance A', 'Ground Floor'),
(470, '390', 1, 18, 23, 'Row 20', 'Entrance A', 'Ground Floor'),
(471, '389', 1, 19, 23, 'Row 20', 'Entrance A', 'Ground Floor'),
(472, '388', 1, 20, 23, 'Row 20', 'Entrance A', 'Ground Floor'),
(473, '387', 1, 21, 23, 'Row 20', 'Entrance A', 'Ground Floor'),
(474, '386', 1, 22, 23, 'Row 20', 'Entrance A', 'Ground Floor'),
(475, '385', 1, 23, 23, 'Row 20', 'Entrance A', 'Ground Floor'),
(476, '384', 1, 24, 23, 'Row 20', 'Entrance A', 'Ground Floor'),
(477, '383', 1, 25, 23, 'Row 20', 'Entrance A', 'Ground Floor'),
(478, '382', 1, 26, 23, 'Row 20', 'Entrance A', 'Ground Floor'),
(479, '400', 1, 3, 24, 'Row 21', 'Entrance A', 'Ground Floor'),
(480, '401', 1, 4, 24, 'Row 21', 'Entrance A', 'Ground Floor'),
(481, '402', 1, 5, 24, 'Row 21', 'Entrance A', 'Ground Floor'),
(482, '403', 1, 6, 24, 'Row 21', 'Entrance A', 'Ground Floor'),
(483, '404', 1, 7, 24, 'Row 21', 'Entrance A', 'Ground Floor'),
(484, '405', 1, 8, 24, 'Row 21', 'Entrance A', 'Ground Floor'),
(485, '406', 1, 9, 24, 'Row 21', 'Entrance A', 'Ground Floor'),
(486, '407', 1, 10, 24, 'Row 21', 'Entrance A', 'Ground Floor'),
(487, '408', 1, 11, 24, 'Row 21', 'Entrance A', 'Ground Floor'),
(488, '409', 1, 18, 24, 'Row 21', 'Entrance A', 'Ground Floor'),
(489, '410', 1, 19, 24, 'Row 21', 'Entrance A', 'Ground Floor'),
(490, '411', 1, 20, 24, 'Row 21', 'Entrance A', 'Ground Floor'),
(491, '412', 1, 21, 24, 'Row 21', 'Entrance A', 'Ground Floor'),
(492, '413', 1, 22, 24, 'Row 21', 'Entrance A', 'Ground Floor'),
(493, '414', 1, 23, 24, 'Row 21', 'Entrance A', 'Ground Floor'),
(494, '415', 1, 24, 24, 'Row 21', 'Entrance A', 'Ground Floor'),
(495, '416', 1, 25, 24, 'Row 21', 'Entrance A', 'Ground Floor'),
(496, '417', 1, 26, 24, 'Row 21', 'Entrance A', 'Ground Floor'),
(497, '435', 1, 3, 25, 'Row 22', 'Entrance A', 'Ground Floor'),
(498, '434', 1, 4, 25, 'Row 22', 'Entrance A', 'Ground Floor'),
(499, '433', 1, 5, 25, 'Row 22', 'Entrance A', 'Ground Floor'),
(500, '432', 1, 6, 25, 'Row 22', 'Entrance A', 'Ground Floor'),
(501, '431', 1, 7, 25, 'Row 22', 'Entrance A', 'Ground Floor'),
(502, '430', 1, 8, 25, 'Row 22', 'Entrance A', 'Ground Floor'),
(503, '429', 1, 9, 25, 'Row 22', 'Entrance A', 'Ground Floor'),
(504, '428', 1, 10, 25, 'Row 22', 'Entrance A', 'Ground Floor'),
(505, '427', 1, 11, 25, 'Row 22', 'Entrance A', 'Ground Floor'),
(506, '426', 1, 18, 25, 'Row 22', 'Entrance A', 'Ground Floor'),
(507, '425', 1, 19, 25, 'Row 22', 'Entrance A', 'Ground Floor'),
(508, '424', 1, 20, 25, 'Row 22', 'Entrance A', 'Ground Floor'),
(509, '423', 1, 21, 25, 'Row 22', 'Entrance A', 'Ground Floor'),
(510, '422', 1, 22, 25, 'Row 22', 'Entrance A', 'Ground Floor'),
(511, '421', 1, 23, 25, 'Row 22', 'Entrance A', 'Ground Floor'),
(512, '420', 1, 24, 25, 'Row 22', 'Entrance A', 'Ground Floor'),
(513, '419', 1, 25, 25, 'Row 22', 'Entrance A', 'Ground Floor'),
(514, '418', 1, 26, 25, 'Row 22', 'Entrance A', 'Ground Floor'),
(515, '515', 1, 1, 29, 'Balcony 1', 'Entrance A', 'Balcony'),
(516, '516', 1, 2, 29, 'Balcony 1', 'Entrance A', 'Balcony'),
(517, '517', 1, 3, 29, 'Balcony 1', 'Entrance A', 'Balcony'),
(518, '518', 1, 4, 29, 'Balcony 1', 'Entrance A', 'Balcony'),
(519, '519', 1, 5, 29, 'Balcony 1', 'Entrance A', 'Balcony'),
(520, '520', 1, 6, 29, 'Balcony 1', 'Entrance A', 'Balcony'),
(521, '521', 1, 7, 29, 'Balcony 1', 'Entrance A', 'Balcony'),
(522, '522', 1, 8, 29, 'Balcony 1', 'Entrance A', 'Balcony'),
(523, '523', 1, 9, 29, 'Balcony 1', 'Entrance A', 'Balcony'),
(524, '524', 1, 10, 29, 'Balcony 1', 'Entrance A', 'Balcony'),
(525, '525', 1, 11, 29, 'Balcony 1', 'Entrance A', 'Balcony'),
(526, '536', 1, 15, 30, 'Balcony 2', 'Entrance A', 'Balcony'),
(527, '535', 1, 16, 30, 'Balcony 2', 'Entrance A', 'Balcony'),
(528, '534', 1, 17, 30, 'Balcony 2', 'Entrance A', 'Balcony'),
(529, '533', 1, 18, 30, 'Balcony 2', 'Entrance A', 'Balcony'),
(530, '532', 1, 19, 30, 'Balcony 2', 'Entrance A', 'Balcony'),
(531, '531', 1, 20, 30, 'Balcony 2', 'Entrance A', 'Balcony'),
(532, '530', 1, 21, 30, 'Balcony 2', 'Entrance A', 'Balcony'),
(533, '529', 1, 22, 30, 'Balcony 2', 'Entrance A', 'Balcony'),
(534, '528', 1, 23, 30, 'Balcony 2', 'Entrance A', 'Balcony'),
(535, '527', 1, 24, 30, 'Balcony 2', 'Entrance A', 'Balcony'),
(536, '526', 1, 25, 30, 'Balcony 2', 'Entrance A', 'Balcony'),
(537, '547', 1, 1, 30, 'Balcony 2', 'Entrance A', 'Balcony'),
(538, '546', 1, 2, 30, 'Balcony 2', 'Entrance A', 'Balcony'),
(539, '545', 1, 3, 30, 'Balcony 2', 'Entrance A', 'Balcony'),
(540, '544', 1, 4, 30, 'Balcony 2', 'Entrance A', 'Balcony'),
(541, '543', 1, 5, 30, 'Balcony 2', 'Entrance A', 'Balcony'),
(542, '542', 1, 6, 30, 'Balcony 2', 'Entrance A', 'Balcony'),
(543, '541', 1, 7, 30, 'Balcony 2', 'Entrance A', 'Balcony'),
(544, '540', 1, 8, 30, 'Balcony 2', 'Entrance A', 'Balcony'),
(545, '539', 1, 9, 30, 'Balcony 2', 'Entrance A', 'Balcony'),
(546, '538', 1, 10, 30, 'Balcony 2', 'Entrance A', 'Balcony'),
(547, '537', 1, 11, 30, 'Balcony 2', 'Entrance A', 'Balcony'),
(548, '558', 1, 15, 31, 'Balcony 3', 'Entrance A', 'Balcony'),
(549, '559', 1, 16, 31, 'Balcony 3', 'Entrance A', 'Balcony'),
(550, '560', 1, 17, 31, 'Balcony 3', 'Entrance A', 'Balcony'),
(551, '561', 1, 18, 31, 'Balcony 3', 'Entrance A', 'Balcony'),
(552, '562', 1, 19, 31, 'Balcony 3', 'Entrance A', 'Balcony'),
(553, '563', 1, 20, 31, 'Balcony 3', 'Entrance A', 'Balcony'),
(554, '564', 1, 21, 31, 'Balcony 3', 'Entrance A', 'Balcony'),
(555, '565', 1, 22, 31, 'Balcony 3', 'Entrance A', 'Balcony'),
(556, '566', 1, 23, 31, 'Balcony 3', 'Entrance A', 'Balcony'),
(557, '567', 1, 24, 31, 'Balcony 3', 'Entrance A', 'Balcony'),
(558, '568', 1, 25, 31, 'Balcony 3', 'Entrance A', 'Balcony'),
(559, '569', 1, 26, 31, 'Balcony 3', 'Entrance A', 'Balcony'),
(560, '548', 1, 1, 31, 'Balcony 3', 'Entrance A', 'Balcony'),
(561, '549', 1, 2, 31, 'Balcony 3', 'Entrance A', 'Balcony'),
(562, '550', 1, 3, 31, 'Balcony 3', 'Entrance A', 'Balcony'),
(563, '551', 1, 4, 31, 'Balcony 3', 'Entrance A', 'Balcony'),
(564, '552', 1, 5, 31, 'Balcony 3', 'Entrance A', 'Balcony'),
(565, '553', 1, 6, 31, 'Balcony 3', 'Entrance A', 'Balcony'),
(566, '554', 1, 7, 31, 'Balcony 3', 'Entrance A', 'Balcony'),
(567, '555', 1, 8, 31, 'Balcony 3', 'Entrance A', 'Balcony'),
(568, '556', 1, 9, 31, 'Balcony 3', 'Entrance A', 'Balcony'),
(569, '557', 1, 10, 31, 'Balcony 3', 'Entrance A', 'Balcony'),
(570, '580', 1, 15, 32, 'Balcony 4', 'Entrance A', 'Balcony'),
(571, '579', 1, 16, 32, 'Balcony 4', 'Entrance A', 'Balcony'),
(572, '578', 1, 17, 32, 'Balcony 4', 'Entrance A', 'Balcony'),
(573, '577', 1, 18, 32, 'Balcony 4', 'Entrance A', 'Balcony'),
(574, '576', 1, 19, 32, 'Balcony 4', 'Entrance A', 'Balcony'),
(575, '575', 1, 20, 32, 'Balcony 4', 'Entrance A', 'Balcony'),
(576, '574', 1, 21, 32, 'Balcony 4', 'Entrance A', 'Balcony'),
(577, '573', 1, 22, 32, 'Balcony 4', 'Entrance A', 'Balcony'),
(578, '572', 1, 23, 32, 'Balcony 4', 'Entrance A', 'Balcony'),
(579, '571', 1, 24, 32, 'Balcony 4', 'Entrance A', 'Balcony'),
(580, '570', 1, 25, 32, 'Balcony 4', 'Entrance A', 'Balcony'),
(581, '590', 1, 1, 32, 'Balcony 4', 'Entrance A', 'Balcony'),
(582, '589', 1, 2, 32, 'Balcony 4', 'Entrance A', 'Balcony'),
(583, '588', 1, 3, 32, 'Balcony 4', 'Entrance A', 'Balcony'),
(584, '587', 1, 4, 32, 'Balcony 4', 'Entrance A', 'Balcony'),
(585, '586', 1, 5, 32, 'Balcony 4', 'Entrance A', 'Balcony'),
(586, '585', 1, 6, 32, 'Balcony 4', 'Entrance A', 'Balcony'),
(587, '584', 1, 7, 32, 'Balcony 4', 'Entrance A', 'Balcony'),
(588, '583', 1, 8, 32, 'Balcony 4', 'Entrance A', 'Balcony'),
(589, '582', 1, 9, 32, 'Balcony 4', 'Entrance A', 'Balcony'),
(590, '581', 1, 10, 32, 'Balcony 4', 'Entrance A', 'Balcony'),
(591, '603', 1, 15, 33, 'Balcony 5', 'Entrance A', 'Balcony'),
(592, '604', 1, 16, 33, 'Balcony 5', 'Entrance A', 'Balcony'),
(593, '605', 1, 17, 33, 'Balcony 5', 'Entrance A', 'Balcony'),
(594, '606', 1, 18, 33, 'Balcony 5', 'Entrance A', 'Balcony'),
(595, '607', 1, 19, 33, 'Balcony 5', 'Entrance A', 'Balcony'),
(596, '608', 1, 20, 33, 'Balcony 5', 'Entrance A', 'Balcony'),
(597, '609', 1, 21, 33, 'Balcony 5', 'Entrance A', 'Balcony'),
(598, '610', 1, 22, 33, 'Balcony 5', 'Entrance A', 'Balcony'),
(599, '611', 1, 23, 33, 'Balcony 5', 'Entrance A', 'Balcony'),
(600, '612', 1, 24, 33, 'Balcony 5', 'Entrance A', 'Balcony'),
(601, '613', 1, 25, 33, 'Balcony 5', 'Entrance A', 'Balcony'),
(602, '614', 1, 26, 33, 'Balcony 5', 'Entrance A', 'Balcony'),
(603, '591', 1, 1, 33, 'Balcony 5', 'Entrance A', 'Balcony'),
(604, '592', 1, 2, 33, 'Balcony 5', 'Entrance A', 'Balcony'),
(605, '593', 1, 3, 33, 'Balcony 5', 'Entrance A', 'Balcony'),
(606, '594', 1, 4, 33, 'Balcony 5', 'Entrance A', 'Balcony'),
(607, '595', 1, 5, 33, 'Balcony 5', 'Entrance A', 'Balcony'),
(608, '596', 1, 6, 33, 'Balcony 5', 'Entrance A', 'Balcony'),
(609, '597', 1, 7, 33, 'Balcony 5', 'Entrance A', 'Balcony'),
(610, '598', 1, 8, 33, 'Balcony 5', 'Entrance A', 'Balcony'),
(611, '599', 1, 9, 33, 'Balcony 5', 'Entrance A', 'Balcony'),
(612, '600', 1, 10, 33, 'Balcony 5', 'Entrance A', 'Balcony'),
(613, '601', 1, 11, 33, 'Balcony 5', 'Entrance A', 'Balcony'),
(614, '602', 1, 12, 33, 'Balcony 5', 'Entrance A', 'Balcony'),
(615, '625', 1, 15, 34, 'Balcony 6', 'Entrance A', 'Balcony'),
(616, '624', 1, 16, 34, 'Balcony 6', 'Entrance A', 'Balcony'),
(617, '623', 1, 17, 34, 'Balcony 6', 'Entrance A', 'Balcony'),
(618, '622', 1, 18, 34, 'Balcony 6', 'Entrance A', 'Balcony'),
(619, '621', 1, 19, 34, 'Balcony 6', 'Entrance A', 'Balcony'),
(620, '620', 1, 20, 34, 'Balcony 6', 'Entrance A', 'Balcony'),
(621, '619', 1, 21, 34, 'Balcony 6', 'Entrance A', 'Balcony'),
(622, '618', 1, 22, 34, 'Balcony 6', 'Entrance A', 'Balcony'),
(623, '617', 1, 23, 34, 'Balcony 6', 'Entrance A', 'Balcony'),
(624, '616', 1, 24, 34, 'Balcony 6', 'Entrance A', 'Balcony'),
(625, '615', 1, 25, 34, 'Balcony 6', 'Entrance A', 'Balcony'),
(626, '636', 1, 1, 35, 'Balcony 7', 'Entrance A', 'Balcony'),
(627, '635', 1, 2, 35, 'Balcony 7', 'Entrance A', 'Balcony'),
(628, '634', 1, 3, 35, 'Balcony 7', 'Entrance A', 'Balcony'),
(629, '633', 1, 4, 35, 'Balcony 7', 'Entrance A', 'Balcony'),
(630, '632', 1, 5, 35, 'Balcony 7', 'Entrance A', 'Balcony'),
(631, '631', 1, 6, 35, 'Balcony 7', 'Entrance A', 'Balcony'),
(632, '630', 1, 7, 35, 'Balcony 7', 'Entrance A', 'Balcony'),
(633, '629', 1, 8, 35, 'Balcony 7', 'Entrance A', 'Balcony'),
(634, '628', 1, 9, 35, 'Balcony 7', 'Entrance A', 'Balcony'),
(635, '627', 1, 10, 35, 'Balcony 7', 'Entrance A', 'Balcony'),
(636, '626', 1, 11, 35, 'Balcony 7', 'Entrance A', 'Balcony'),
(637, '648', 1, 15, 35, 'Balcony 7', 'Entrance A', 'Balcony'),
(638, '649', 1, 16, 35, 'Balcony 7', 'Entrance A', 'Balcony'),
(639, '650', 1, 17, 35, 'Balcony 7', 'Entrance A', 'Balcony'),
(640, '651', 1, 18, 35, 'Balcony 7', 'Entrance A', 'Balcony'),
(641, '652', 1, 19, 35, 'Balcony 7', 'Entrance A', 'Balcony'),
(642, '653', 1, 20, 35, 'Balcony 7', 'Entrance A', 'Balcony'),
(643, '654', 1, 21, 35, 'Balcony 7', 'Entrance A', 'Balcony'),
(644, '655', 1, 22, 35, 'Balcony 7', 'Entrance A', 'Balcony'),
(645, '656', 1, 23, 35, 'Balcony 7', 'Entrance A', 'Balcony'),
(646, '657', 1, 24, 35, 'Balcony 7', 'Entrance A', 'Balcony'),
(647, '658', 1, 25, 35, 'Balcony 7', 'Entrance A', 'Balcony'),
(648, '659', 1, 26, 35, 'Balcony 7', 'Entrance A', 'Balcony'),
(649, '637', 1, 1, 36, 'Balcony 8', 'Entrance A', 'Balcony'),
(650, '638', 1, 2, 36, 'Balcony 8', 'Entrance A', 'Balcony'),
(651, '639', 1, 3, 36, 'Balcony 8', 'Entrance A', 'Balcony'),
(652, '640', 1, 4, 36, 'Balcony 8', 'Entrance A', 'Balcony'),
(653, '641', 1, 5, 36, 'Balcony 8', 'Entrance A', 'Balcony'),
(654, '642', 1, 6, 36, 'Balcony 8', 'Entrance A', 'Balcony'),
(655, '643', 1, 7, 36, 'Balcony 8', 'Entrance A', 'Balcony'),
(656, '644', 1, 8, 36, 'Balcony 8', 'Entrance A', 'Balcony'),
(657, '645', 1, 9, 36, 'Balcony 8', 'Entrance A', 'Balcony'),
(658, '646', 1, 10, 36, 'Balcony 8', 'Entrance A', 'Balcony'),
(659, '647', 1, 11, 36, 'Balcony 8', 'Entrance A', 'Balcony'),
(660, '670', 1, 15, 36, 'Balcony 8', 'Entrance A', 'Balcony'),
(661, '669', 1, 16, 36, 'Balcony 8', 'Entrance A', 'Balcony'),
(662, '668', 1, 17, 36, 'Balcony 8', 'Entrance A', 'Balcony'),
(663, '667', 1, 18, 36, 'Balcony 8', 'Entrance A', 'Balcony'),
(664, '666', 1, 19, 36, 'Balcony 8', 'Entrance A', 'Balcony'),
(665, '665', 1, 20, 36, 'Balcony 8', 'Entrance A', 'Balcony'),
(666, '664', 1, 21, 36, 'Balcony 8', 'Entrance A', 'Balcony'),
(667, '663', 1, 22, 36, 'Balcony 8', 'Entrance A', 'Balcony'),
(668, '662', 1, 23, 36, 'Balcony 8', 'Entrance A', 'Balcony'),
(669, '661', 1, 24, 36, 'Balcony 8', 'Entrance A', 'Balcony'),
(670, '660', 1, 25, 36, 'Balcony 8', 'Entrance A', 'Balcony'),
(671, '681', 1, 1, 37, 'Balcony 9', 'Entrance A', 'Balcony'),
(672, '680', 1, 2, 37, 'Balcony 9', 'Entrance A', 'Balcony'),
(673, '679', 1, 3, 37, 'Balcony 9', 'Entrance A', 'Balcony'),
(674, '678', 1, 4, 37, 'Balcony 9', 'Entrance A', 'Balcony'),
(675, '677', 1, 5, 37, 'Balcony 9', 'Entrance A', 'Balcony'),
(676, '676', 1, 6, 37, 'Balcony 9', 'Entrance A', 'Balcony'),
(677, '675', 1, 7, 37, 'Balcony 9', 'Entrance A', 'Balcony'),
(678, '674', 1, 8, 37, 'Balcony 9', 'Entrance A', 'Balcony'),
(679, '673', 1, 9, 37, 'Balcony 9', 'Entrance A', 'Balcony'),
(680, '672', 1, 10, 37, 'Balcony 9', 'Entrance A', 'Balcony'),
(681, '671', 1, 11, 37, 'Balcony 9', 'Entrance A', 'Balcony'),
(682, '682', 1, 1, 38, 'Balcony 10', 'Entrance A', 'Balcony'),
(683, '683', 1, 2, 38, 'Balcony 10', 'Entrance A', 'Balcony'),
(684, '684', 1, 3, 38, 'Balcony 10', 'Entrance A', 'Balcony'),
(685, '685', 1, 4, 38, 'Balcony 10', 'Entrance A', 'Balcony'),
(686, '686', 1, 5, 38, 'Balcony 10', 'Entrance A', 'Balcony'),
(687, '687', 1, 6, 38, 'Balcony 10', 'Entrance A', 'Balcony'),
(688, '688', 1, 7, 38, 'Balcony 10', 'Entrance A', 'Balcony');

-- Update sequence for tables
ALTER SEQUENCE users_seq RESTART WITH 4;
ALTER SEQUENCE eventlocations_seq RESTART WITH 2;
ALTER SEQUENCE eventlocationsMarkers_seq RESTART WITH 55;
ALTER SEQUENCE events_seq RESTART WITH 2;
ALTER SEQUENCE seats_seq RESTART WITH 689;
ALTER SEQUENCE EventUserAllowance_seq RESTART WITH 2;